periodo_fonte;data_publicacao;hora_publicacao;shortcode;media_id;tipo_midia;vinculo;parceiro_coautores;promovido;url;visualizacoes;visualizadores;contas_meta_alcancadas;interacoes_raw;interacoes_posts_raw;interacoes_reels_raw;curtidas_raw;comentarios_raw;compartilhamentos_raw;salvamentos_raw;contas_com_engajamento_raw;novos_seguidores_raw;novos_seguidores_normalizado;atividade_do_perfil_raw;visitas_ao_perfil_raw;toques_em_links_externos_raw;pct_seguidores_alcance_raw;pct_nao_seguidores_alcance_raw;taxa_interacao_pct_raw;metricas_ausentes;notas;source_path;source_blob_sha;status_validacao
2026-08;2026-08-30;18:43:38;DcrgQC6gknC;;foto;proprio;;nao;https://www.instagram.com/acirvoficial/p/DcrgQC6gknC/;439;245;;18;18;;14;3;1;0;14;0;0;5;5;0;;;;;;000-Arquivos-originais/Dados para mega-relatório pós Sudoexpo/Redes sociais/instagram_acirvoficial_insights_agosto_2026_MASTER(1).xlsx;ccc1d627be0468abb41c650b18974161b6f741b1;master_validado_completo_agosto
2026-08;2026-08-28;18:19:43;DcmUAaAG3Pi;;foto;proprio;;nao;https://www.instagram.com/acirvoficial/p/DcmUAaAG3Pi/;2783;1483;;75;75;;71;0;1;2;73;0;0;31;26;5;;;;;;000-Arquivos-originais/Dados para mega-relatório pós Sudoexpo/Redes sociais/instagram_acirvoficial_insights_agosto_2026_MASTER(1).xlsx;ccc1d627be0468abb41c650b18974161b6f741b1;master_validado_completo_agosto
2026-08;2026-08-28;18:05:58;DcmSbnuG9E-;;foto;colaboracao;acirvoficial, sudoexpo.oficial;nao;https://www.instagram.com/acirvoficial/p/DcmSbnuG9E-/;3188;1428;;76;76;;61;6;4;1;63;5;5;21;16;0;;;;;;000-Arquivos-originais/Dados para mega-relatório pós Sudoexpo/Redes sociais/instagram_acirvoficial_insights_agosto_2026_MASTER(1).xlsx;ccc1d627be0468abb41c650b18974161b6f741b1;master_validado_completo_agosto
2026-08;2026-08-28;16:27:24;DcmHJv_G-0A;;foto;proprio;;nao;https://www.instagram.com/acirvoficial/p/DcmHJv_G-0A/;1365;516;;30;30;;27;1;2;0;29;0;0;3;3;0;;;;;;000-Arquivos-originais/Dados para mega-relatório pós Sudoexpo/Redes sociais/instagram_acirvoficial_insights_agosto_2026_MASTER(1).xlsx;ccc1d627be0468abb41c650b18974161b6f741b1;master_validado_completo_agosto
2026-08;2026-08-28;13:53:21;Dcl1hMpDirN;;foto;proprio;;nao;https://www.instagram.com/acirvoficial/p/Dcl1hMpDirN/;2431;1071;;57;57;;43;1;13;0;48;1;1;10;8;1;;;;;;000-Arquivos-originais/Dados para mega-relatório pós Sudoexpo/Redes sociais/instagram_acirvoficial_insights_agosto_2026_MASTER(1).xlsx;ccc1d627be0468abb41c650b18974161b6f741b1;master_validado_completo_agosto
2026-08;2026-08-28;11:05:03;DcliQzRDjNM;;foto;proprio;;nao;https://www.instagram.com/acirvoficial/p/DcliQzRDjNM/;1842;1005;;66;66;;65;0;0;1;67;0;0;0;0;0;;;;;;000-Arquivos-originais/Dados para mega-relatório pós Sudoexpo/Redes sociais/instagram_acirvoficial_insights_agosto_2026_MASTER(1).xlsx;ccc1d627be0468abb41c650b18974161b6f741b1;master_validado_completo_agosto
2026-08;2026-08-28;08:51:58;DclTCCwm8ff;;foto;colaboracao;sudoexpo.oficial;nao;https://www.instagram.com/acirvoficial/p/DclTCCwm8ff/;4510;1990;;133;133;;74;33;21;1;88;5;5;24;17;2;;;;;;000-Arquivos-originais/Dados para mega-relatório pós Sudoexpo/Redes sociais/instagram_acirvoficial_insights_agosto_2026_MASTER(1).xlsx;ccc1d627be0468abb41c650b18974161b6f741b1;master_validado_completo_agosto
2026-08;2026-08-28;08:47:59;DclSk4fG8C1;;foto;colaboracao;sudoexpo.oficial;nao;https://www.instagram.com/acirvoficial/p/DclSk4fG8C1/;30677;16010;;1722;1722;;582;663;429;18;693;145;145;276;112;19;;;;;;000-Arquivos-originais/Dados para mega-relatório pós Sudoexpo/Redes sociais/instagram_acirvoficial_insights_agosto_2026_MASTER(1).xlsx;ccc1d627be0468abb41c650b18974161b6f741b1;master_validado_completo_agosto
2026-08;2026-08-28;08:34:46;DclREC4m2H4;;foto;colaboracao;sudoexpo.oficial;nao;https://www.instagram.com/acirvoficial/p/DclREC4m2H4/;3452;1297;;46;46;;32;1;11;0;38;0;0;10;9;1;;;;;;000-Arquivos-originais/Dados para mega-relatório pós Sudoexpo/Redes sociais/instagram_acirvoficial_insights_agosto_2026_MASTER(1).xlsx;ccc1d627be0468abb41c650b18974161b6f741b1;master_validado_completo_agosto
2026-08;2026-08-27;17:59:04;Dcjs2R4G_fX;;foto;colaboracao;sudoexpo.oficial;nao;https://www.instagram.com/acirvoficial/p/Dcjs2R4G_fX/;3858;1744;;79;79;;55;13;10;0;61;3;3;17;14;0;;;;;;000-Arquivos-originais/Dados para mega-relatório pós Sudoexpo/Redes sociais/instagram_acirvoficial_insights_agosto_2026_MASTER(1).xlsx;ccc1d627be0468abb41c650b18974161b6f741b1;master_validado_completo_agosto
2026-08;2026-08-27;14:25:05;DcjUaHrjhxv;;foto;colaboracao;sudoexpo.oficial;nao;https://www.instagram.com/acirvoficial/p/DcjUaHrjhxv/;2686;1129;;33;33;;27;0;5;1;31;0;0;17;14;3;;;;;;000-Arquivos-originais/Dados para mega-relatório pós Sudoexpo/Redes sociais/instagram_acirvoficial_insights_agosto_2026_MASTER(1).xlsx;ccc1d627be0468abb41c650b18974161b6f741b1;master_validado_completo_agosto
2026-08;2026-08-26;18:03:27;DchIji9m9Ac;;foto;colaboracao;sudoexpo.oficial;nao;https://www.instagram.com/acirvoficial/p/DchIji9m9Ac/;5962;2815;;116;116;;91;3;17;1;94;1;1;26;25;0;;;;;;000-Arquivos-originais/Dados para mega-relatório pós Sudoexpo/Redes sociais/instagram_acirvoficial_insights_agosto_2026_MASTER(1).xlsx;ccc1d627be0468abb41c650b18974161b6f741b1;master_validado_completo_agosto
2026-08;2026-08-26;15:55:43;Dcg571dmzBL;;foto;colaboracao;keniasleite;nao;https://www.instagram.com/acirvoficial/p/Dcg571dmzBL/;3736;1923;;282;282;;134;77;70;0;140;3;3;4;1;0;;;;;;000-Arquivos-originais/Dados para mega-relatório pós Sudoexpo/Redes sociais/instagram_acirvoficial_insights_agosto_2026_MASTER(1).xlsx;ccc1d627be0468abb41c650b18974161b6f741b1;master_validado_completo_agosto
2026-08;2026-08-26;15:22:20;Dcg2HcQm08f;;foto;colaboracao;vivianneolive, wenyaalecrim, sudoexpo.oficial;nao;https://www.instagram.com/acirvoficial/p/Dcg2HcQm08f/;4562;1967;;125;125;;94;7;18;2;103;0;0;26;18;8;;;;;;000-Arquivos-originais/Dados para mega-relatório pós Sudoexpo/Redes sociais/instagram_acirvoficial_insights_agosto_2026_MASTER(1).xlsx;ccc1d627be0468abb41c650b18974161b6f741b1;master_validado_completo_agosto
2026-08;2026-08-26;11:40:06;Db-7_-OOxRu;;foto;colaboracao;leidicorteze, rcadria;nao;https://www.instagram.com/acirvoficial/p/Db-7_-OOxRu/;815;425;;11;11;;9;0;2;0;11;0;0;5;3;2;;;;;;000-Arquivos-originais/Dados para mega-relatório pós Sudoexpo/Redes sociais/instagram_acirvoficial_insights_agosto_2026_MASTER(1).xlsx;ccc1d627be0468abb41c650b18974161b6f741b1;master_validado_completo_agosto
2026-08;2026-08-24;18:46:27;DccD4y_m_vZ;;foto;proprio;;nao;https://www.instagram.com/acirvoficial/p/DccD4y_m_vZ/;1843;1008;;39;39;;39;0;0;0;40;0;0;9;9;0;;;;;;000-Arquivos-originais/Dados para mega-relatório pós Sudoexpo/Redes sociais/instagram_acirvoficial_insights_agosto_2026_MASTER(1).xlsx;ccc1d627be0468abb41c650b18974161b6f741b1;master_validado_completo_agosto
2026-08;2026-08-24;18:39:06;DccDC3EG62U;;foto;proprio;;nao;https://www.instagram.com/acirvoficial/p/DccDC3EG62U/;1006;512;;21;21;;21;0;0;0;21;0;0;1;1;0;;;;;;000-Arquivos-originais/Dados para mega-relatório pós Sudoexpo/Redes sociais/instagram_acirvoficial_insights_agosto_2026_MASTER(1).xlsx;ccc1d627be0468abb41c650b18974161b6f741b1;master_validado_completo_agosto
2026-08;2026-08-24;10:18:12;DcbJmepx1nq;;foto;colaboracao;sudoexpo.oficial;sim;https://www.instagram.com/acirvoficial/p/DcbJmepx1nq/;233550;;142253;161;161;;90;0;61;5;123;4;4;131;21;106;;;;;;000-Arquivos-originais/Dados para mega-relatório pós Sudoexpo/Redes sociais/instagram_acirvoficial_insights_agosto_2026_MASTER(1).xlsx;ccc1d627be0468abb41c650b18974161b6f741b1;master_validado_completo_agosto
2026-08;2026-08-21;18:18:12;DcUSK-YAmSq;;foto;colaboracao;sudoexpo.oficial;nao;https://www.instagram.com/acirvoficial/p/DcUSK-YAmSq/;3868;1936;;119;119;;68;0;44;5;91;4;4;65;35;26;;;;;;000-Arquivos-originais/Dados para mega-relatório pós Sudoexpo/Redes sociais/instagram_acirvoficial_insights_agosto_2026_MASTER(1).xlsx;ccc1d627be0468abb41c650b18974161b6f741b1;master_validado_completo_agosto
2026-08;2026-08-21;17:04:25;DcUJGqJG3tO;;foto;proprio;;nao;https://www.instagram.com/acirvoficial/p/DcUJGqJG3tO/;2314;1218;;38;38;;34;2;0;1;36;0;0;6;6;0;;;;;;000-Arquivos-originais/Dados para mega-relatório pós Sudoexpo/Redes sociais/instagram_acirvoficial_insights_agosto_2026_MASTER(1).xlsx;ccc1d627be0468abb41c650b18974161b6f741b1;master_validado_completo_agosto
2026-08;2026-08-21;16:21:42;DcUEyDAgrbq;;reel;colaboracao;sudoexpo.oficial;sim;https://www.instagram.com/acirvoficial/reel/DcUEyDAgrbq/;265656;;160141;97;;;75;6;12;1;90;3;3;3;;;;;;;;000-Arquivos-originais/Dados para mega-relatório pós Sudoexpo/Redes sociais/instagram_acirvoficial_insights_agosto_2026_MASTER(1).xlsx;ccc1d627be0468abb41c650b18974161b6f741b1;master_validado_completo_agosto
2026-08;2026-08-20;14:20:07;DbdwBOBOVJt;;foto;colaboracao;sudoexpo.oficial;nao;https://www.instagram.com/acirvoficial/p/DbdwBOBOVJt/;1085;711;;9;;;5;1;2;0;8;0;0;2;2;0;;;;;;000-Arquivos-originais/Dados para mega-relatório pós Sudoexpo/Redes sociais/instagram_acirvoficial_insights_agosto_2026_MASTER(1).xlsx;ccc1d627be0468abb41c650b18974161b6f741b1;master_validado_completo_agosto
2026-08;2026-08-19;17:02:51;DcO_l7tAO80;;reel;proprio;;sim;https://www.instagram.com/acirvoficial/reel/DcO_l7tAO80/;21892;;13107;137;;;120;1;10;2;127;17;17;17;;;;;;;;000-Arquivos-originais/Dados para mega-relatório pós Sudoexpo/Redes sociais/instagram_acirvoficial_insights_agosto_2026_MASTER(1).xlsx;ccc1d627be0468abb41c650b18974161b6f741b1;master_validado_completo_agosto
2026-08;2026-08-19;09:52:36;DcOO0TDmyOI;;foto;proprio;;nao;https://www.instagram.com/acirvoficial/p/DcOO0TDmyOI/;417;185;;4;;;4;0;0;0;4;0;0;1;1;0;;;;alcance_contas_meta;;000-Arquivos-originais/Dados para mega-relatório pós Sudoexpo/Redes sociais/instagram_acirvoficial_insights_agosto_2026_MASTER(1).xlsx;ccc1d627be0468abb41c650b18974161b6f741b1;master_validado_completo_agosto
2026-08;2026-08-18;18:27:27;DcMk8Krm62J;;foto;colaboracao;acirvmulher;nao;https://www.instagram.com/acirvoficial/p/DcMk8Krm62J/;3928;1744;;70;;;68;0;2;0;72;1;1;12;11;0;;;;alcance_contas_meta;;000-Arquivos-originais/Dados para mega-relatório pós Sudoexpo/Redes sociais/instagram_acirvoficial_insights_agosto_2026_MASTER(1).xlsx;ccc1d627be0468abb41c650b18974161b6f741b1;master_validado_completo_agosto
2026-08;2026-08-18;14:20:05;DcMIq5HDsYI;;foto;colaboracao;sudoexpo.oficial;nao;https://www.instagram.com/acirvoficial/p/DcMIq5HDsYI/;5056;2617;;87;;;66;2;10;3;77;2;2;11;8;1;;;;alcance_contas_meta;;000-Arquivos-originais/Dados para mega-relatório pós Sudoexpo/Redes sociais/instagram_acirvoficial_insights_agosto_2026_MASTER(1).xlsx;ccc1d627be0468abb41c650b18974161b6f741b1;master_validado_completo_agosto
2026-08;2026-08-18;12:17:20;DcL6lpcjuj9;;foto;proprio;;nao;https://www.instagram.com/acirvoficial/p/DcL6lpcjuj9/;372;174;;10;10;;9;1;0;0;9;0;0;1;1;0;;;;;;000-Arquivos-originais/Dados para mega-relatório pós Sudoexpo/Redes sociais/instagram_acirvoficial_insights_agosto_2026_MASTER(1).xlsx;ccc1d627be0468abb41c650b18974161b6f741b1;master_validado_completo_agosto
2026-08;2026-08-18;11:30:02;DcL1LKyDuDC;;foto;colaboracao;samaratosta1;sim;https://www.instagram.com/acirvoficial/p/DcL1LKyDuDC/;104186;;66502;21;21;;17;0;4;0;23;0;0;57;2;55;;;;;;000-Arquivos-originais/Dados para mega-relatório pós Sudoexpo/Redes sociais/instagram_acirvoficial_insights_agosto_2026_MASTER(1).xlsx;ccc1d627be0468abb41c650b18974161b6f741b1;master_validado_completo_agosto
2026-08;2026-08-17;17:39:56;DcJ6tS4g0UF;;foto;proprio;;nao;https://www.instagram.com/acirvoficial/p/DcJ6tS4g0UF/;394;234;;9;9;;9;0;0;0;9;0;0;0;0;0;;;;;;000-Arquivos-originais/Dados para mega-relatório pós Sudoexpo/Redes sociais/instagram_acirvoficial_insights_agosto_2026_MASTER(1).xlsx;ccc1d627be0468abb41c650b18974161b6f741b1;master_validado_completo_agosto
2026-08;2026-08-17;14:07:33;DcJiRyDAzCg;;foto;colaboracao;sudoexpo.oficial;nao;https://www.instagram.com/acirvoficial/p/DcJiRyDAzCg/;3081;1894;;41;41;;25;3;8;2;31;2;2;13;9;2;;;;;;000-Arquivos-originais/Dados para mega-relatório pós Sudoexpo/Redes sociais/instagram_acirvoficial_insights_agosto_2026_MASTER(1).xlsx;ccc1d627be0468abb41c650b18974161b6f741b1;master_validado_completo_agosto
2026-08;2026-08-14;18:07:05;DcCPbyLGzGd;;carrossel;proprio;;sim;https://www.instagram.com/acirvoficial/p/DcCPbyLGzGd/;2593;;2270;6;6;;6;0;0;0;6;1;1;1;0;0;;;;;;000-Arquivos-originais/Dados para mega-relatório pós Sudoexpo/Redes sociais/instagram_acirvoficial_insights_agosto_2026_MASTER(1).xlsx;ccc1d627be0468abb41c650b18974161b6f741b1;master_validado_completo_agosto
2026-08;2026-08-14;17:24:51;DcCKmiUmxNg;;carrossel;proprio;;nao;https://www.instagram.com/acirvoficial/p/DcCKmiUmxNg/;1274;492;;35;35;;32;0;3;0;33;0;0;8;8;0;;;;;;000-Arquivos-originais/Dados para mega-relatório pós Sudoexpo/Redes sociais/instagram_acirvoficial_insights_agosto_2026_MASTER(1).xlsx;ccc1d627be0468abb41c650b18974161b6f741b1;master_validado_completo_agosto
2026-08;2026-08-13;18:20:28;Db_sK_am5Pd;;carrossel;proprio;;nao;https://www.instagram.com/acirvoficial/p/Db_sK_am5Pd/;1181;628;;31;31;;29;1;0;1;31;1;1;2;1;0;;;;;;000-Arquivos-originais/Dados para mega-relatório pós Sudoexpo/Redes sociais/instagram_acirvoficial_insights_agosto_2026_MASTER(1).xlsx;ccc1d627be0468abb41c650b18974161b6f741b1;master_validado_completo_agosto
2026-08;2026-08-13;17:14:03;Db_kkgSmw3s;;carrossel;proprio;;nao;https://www.instagram.com/acirvoficial/p/Db_kkgSmw3s/;1952;881;;36;36;;22;1;11;1;29;2;2;13;6;5;;;;;;000-Arquivos-originais/Dados para mega-relatório pós Sudoexpo/Redes sociais/instagram_acirvoficial_insights_agosto_2026_MASTER(1).xlsx;ccc1d627be0468abb41c650b18974161b6f741b1;master_validado_completo_agosto
2026-08;2026-08-13;14:20:05;DbdvwQLu4_o;;foto;colaboracao;sudoexpo.oficial;nao;https://www.instagram.com/acirvoficial/p/DbdvwQLu4_o/;1145;639;;21;21;;21;0;0;0;22;0;0;1;1;0;;;;;;000-Arquivos-originais/Dados para mega-relatório pós Sudoexpo/Redes sociais/instagram_acirvoficial_insights_agosto_2026_MASTER(1).xlsx;ccc1d627be0468abb41c650b18974161b6f741b1;master_validado_completo_agosto
2026-08;2026-08-13;11:21:31;Db-8Ogujpnd;;carrossel;proprio;;nao;https://www.instagram.com/acirvoficial/p/Db-8Ogujpnd/;2891;1299;;57;57;;51;1;3;1;53;1;1;3;2;0;;;;;;000-Arquivos-originais/Dados para mega-relatório pós Sudoexpo/Redes sociais/instagram_acirvoficial_insights_agosto_2026_MASTER(1).xlsx;ccc1d627be0468abb41c650b18974161b6f741b1;master_validado_completo_agosto
2026-08;2026-08-13;11:16:51;Db-7sWxjt1W;;carrossel;proprio;;nao;https://www.instagram.com/acirvoficial/p/Db-7sWxjt1W/;2489;1476;;52;52;;29;0;16;3;40;0;0;1;1;0;;;;;;000-Arquivos-originais/Dados para mega-relatório pós Sudoexpo/Redes sociais/instagram_acirvoficial_insights_agosto_2026_MASTER(1).xlsx;ccc1d627be0468abb41c650b18974161b6f741b1;master_validado_completo_agosto
2026-08;2026-08-13;10:45:01;Db-4DVIjkeD;;carrossel;proprio;;sim;https://www.instagram.com/acirvoficial/p/Db-4DVIjkeD/;70592;;46536;31;31;;14;0;15;1;21;1;1;29;0;28;;;;;;000-Arquivos-originais/Dados para mega-relatório pós Sudoexpo/Redes sociais/instagram_acirvoficial_insights_agosto_2026_MASTER(1).xlsx;ccc1d627be0468abb41c650b18974161b6f741b1;master_validado_completo_agosto
2026-08;2026-08-12;18:21:02;Db9HcT8mxoP;;carrossel;proprio;;nao;https://www.instagram.com/acirvoficial/p/Db9HcT8mxoP/;4089;1468;;80;80;;68;4;7;0;71;1;1;7;5;1;;;;;;000-Arquivos-originais/Dados para mega-relatório pós Sudoexpo/Redes sociais/instagram_acirvoficial_insights_agosto_2026_MASTER(1).xlsx;ccc1d627be0468abb41c650b18974161b6f741b1;master_validado_completo_agosto
2026-08;2026-08-12;16:03:55;Db83W6xKhbg;;reel;proprio;;sim;https://www.instagram.com/acirvoficial/p/Db83W6xKhbg/;309185;;152644;116;;;95;9;5;2;107;3;3;3;;;;;;;;000-Arquivos-originais/Dados para mega-relatório pós Sudoexpo/Redes sociais/instagram_acirvoficial_insights_agosto_2026_MASTER(1).xlsx;ccc1d627be0468abb41c650b18974161b6f741b1;master_validado_completo_agosto
2026-08;2026-08-12;15:57:36;Db83BGyK7QT;;foto;proprio;;nao;https://www.instagram.com/acirvoficial/p/Db83BGyK7QT/;429;246;;14;14;;12;0;1;0;12;0;0;3;3;0;;;;;;000-Arquivos-originais/Dados para mega-relatório pós Sudoexpo/Redes sociais/instagram_acirvoficial_insights_agosto_2026_MASTER(1).xlsx;ccc1d627be0468abb41c650b18974161b6f741b1;master_validado_completo_agosto
2026-08;2026-08-12;09:43:25;Db8MNHGm5-k;;carrossel;proprio;;nao;https://www.instagram.com/acirvoficial/p/Db8MNHGm5-k/;2247;1088;;69;69;;65;1;0;1;67;0;0;0;0;0;;;;;;000-Arquivos-originais/Dados para mega-relatório pós Sudoexpo/Redes sociais/instagram_acirvoficial_insights_agosto_2026_MASTER(1).xlsx;ccc1d627be0468abb41c650b18974161b6f741b1;master_validado_completo_agosto
2026-08;2026-08-11;16:23:35;Db6VNKkG0MC;;carrossel;proprio;;nao;https://www.instagram.com/acirvoficial/p/Db6VNKkG0MC/;1481;638;;31;31;;31;0;0;0;31;0;0;1;1;0;;;;;;000-Arquivos-originais/Dados para mega-relatório pós Sudoexpo/Redes sociais/instagram_acirvoficial_insights_agosto_2026_MASTER(1).xlsx;ccc1d627be0468abb41c650b18974161b6f741b1;master_validado_completo_agosto
2026-08;2026-08-11;14:44:21;Db6JsbUAFMa;;foto;proprio;;nao;https://www.instagram.com/acirvoficial/p/Db6JsbUAFMa/;2400;1584;;33;33;;18;0;10;2;24;0;0;11;7;4;;;;;;000-Arquivos-originais/Dados para mega-relatório pós Sudoexpo/Redes sociais/instagram_acirvoficial_insights_agosto_2026_MASTER(1).xlsx;ccc1d627be0468abb41c650b18974161b6f741b1;master_validado_completo_agosto
2026-08;2026-08-11;11:57:51;Db5x5YFDhuk;;carrossel;proprio;;sim;https://www.instagram.com/acirvoficial/p/Db5x5YFDhuk/;94115;;59462;26;26;;20;1;2;1;22;1;1;49;7;41;;;;;;000-Arquivos-originais/Dados para mega-relatório pós Sudoexpo/Redes sociais/instagram_acirvoficial_insights_agosto_2026_MASTER(1).xlsx;ccc1d627be0468abb41c650b18974161b6f741b1;master_validado_completo_agosto
2026-08;2026-08-11;08:53:06;Db5hQOLAmGU;;reel;proprio;;nao;https://www.instagram.com/acirvoficial/p/Db5hQOLAmGU/;1467;1016;;38;;;27;0;9;1;30;2;2;2;;;;;;;;000-Arquivos-originais/Dados para mega-relatório pós Sudoexpo/Redes sociais/instagram_acirvoficial_insights_agosto_2026_MASTER(1).xlsx;ccc1d627be0468abb41c650b18974161b6f741b1;master_validado_completo_agosto
2026-08;2026-08-10;14:20:07;DbdvooJOi2n;;foto;colaboracao;sudoexpo.oficial;nao;https://www.instagram.com/acirvoficial/p/DbdvooJOi2n/;1645;1031;;25;25;;16;0;7;1;21;0;0;8;8;0;;;;;;000-Arquivos-originais/Dados para mega-relatório pós Sudoexpo/Redes sociais/instagram_acirvoficial_insights_agosto_2026_MASTER(1).xlsx;ccc1d627be0468abb41c650b18974161b6f741b1;master_validado_completo_agosto
2026-08;2026-08-07;11:45:49;DbviPQ7jvsB;;carrossel;proprio;;nao;https://www.instagram.com/acirvoficial/p/DbviPQ7jvsB/;2997;1205;;50;50;;48;0;1;1;51;1;1;9;8;0;;;;;;000-Arquivos-originais/Dados para mega-relatório pós Sudoexpo/Redes sociais/instagram_acirvoficial_insights_agosto_2026_MASTER(1).xlsx;ccc1d627be0468abb41c650b18974161b6f741b1;master_validado_completo_agosto
2026-08;2026-08-06;14:15:01;DbtOoFrjpJv;;carrossel;proprio;;sim;https://www.instagram.com/acirvoficial/p/DbtOoFrjpJv/;556138;;246358;48;48;;44;0;1;1;52;3;3;243;4;236;;;;;;000-Arquivos-originais/Dados para mega-relatório pós Sudoexpo/Redes sociais/instagram_acirvoficial_insights_agosto_2026_MASTER(1).xlsx;ccc1d627be0468abb41c650b18974161b6f741b1;master_validado_completo_agosto
2026-08;2026-08-05;12:43:25;DbqfO-Ou0Qu;;foto;proprio;;nao;https://www.instagram.com/acirvoficial/p/DbqfO-Ou0Qu/;593;343;;13;13;;13;0;0;0;13;0;0;1;1;0;;;;;;000-Arquivos-originais/Dados para mega-relatório pós Sudoexpo/Redes sociais/instagram_acirvoficial_insights_agosto_2026_MASTER(1).xlsx;ccc1d627be0468abb41c650b18974161b6f741b1;master_validado_completo_agosto
2026-08;2026-08-04;17:45:24;DbodANdm0Xy;;carrossel;colaboracao;sudoexpo.oficial;nao;https://www.instagram.com/acirvoficial/p/DbodANdm0Xy/;2980;1194;;55;55;;29;1;21;1;33;0;0;6;6;0;;;;;;000-Arquivos-originais/Dados para mega-relatório pós Sudoexpo/Redes sociais/instagram_acirvoficial_insights_agosto_2026_MASTER(1).xlsx;ccc1d627be0468abb41c650b18974161b6f741b1;master_validado_completo_agosto
2026-08;2026-08-01;15:50:03;Dbd6DYGA0y3;;foto;colaboracao;sudoexpo.oficial;sim;https://www.instagram.com/acirvoficial/p/Dbd6DYGA0y3/;127999;;73183;30;30;;18;1;9;2;27;3;3;8;5;0;;;;;;000-Arquivos-originais/Dados para mega-relatório pós Sudoexpo/Redes sociais/instagram_acirvoficial_insights_agosto_2026_MASTER(1).xlsx;ccc1d627be0468abb41c650b18974161b6f741b1;master_validado_completo_agosto
2026-09-01_a_2026-09-14;2026-09-14;13:53:17;DdRnCEOxtfA;3986138810995365824;reel;colaboracao;aibesadvogados;nao;https://www.instagram.com/insights/media/3986138810995365824/;1182;667;;;;;;2;1;0;19;61.9%;;;;;;38.1%;2.03;atividade_do_perfil, novos_seguidores;"cabecalho_traz_comentarios=2; rotulo_sem_valor_numerico:novos_seguidores=18.2%; rotulo_sem_valor_numerico:atividade_do_perfil=--";000-Arquivos-originais/Dados para mega-relatório pós Sudoexpo/Redes sociais/instagram_acirvoficial_insights_setembro_2026.xlsx;993eb1eaab95589148903864c883937571951848;parcial_setembro_com_quebra_de_schema
2026-09-01_a_2026-09-14;2026-09-13;19:53:25;DdPrc9HgYrg;3985595301015685856;reel;colaboracao;sudoexpo.oficial;nao;https://www.instagram.com/insights/media/3985595301015685856/;1377;910;;;;;;1;8;1;57;41.5%;;;;;;58.5%;4.5;atividade_do_perfil, novos_seguidores;"cabecalho_traz_comentarios=1; rotulo_sem_valor_numerico:novos_seguidores=37.1%; rotulo_sem_valor_numerico:atividade_do_perfil=--";000-Arquivos-originais/Dados para mega-relatório pós Sudoexpo/Redes sociais/instagram_acirvoficial_insights_setembro_2026.xlsx;993eb1eaab95589148903864c883937571951848;parcial_setembro_com_quebra_de_schema
2026-09-01_a_2026-09-14;2026-09-13;19:45:58;DdPqmV0AjpZ;3985591547960900185;reel;colaboracao;sudoexpo.oficial;nao;https://www.instagram.com/insights/media/3985591547960900185/;2248;1610;;;;;;1;2;0;46;26.9%;;;;;;73.1%;2.27;atividade_do_perfil, novos_seguidores;"cabecalho_traz_comentarios=1; rotulo_sem_valor_numerico:novos_seguidores=26.7%; rotulo_sem_valor_numerico:atividade_do_perfil=--";000-Arquivos-originais/Dados para mega-relatório pós Sudoexpo/Redes sociais/instagram_acirvoficial_insights_setembro_2026.xlsx;993eb1eaab95589148903864c883937571951848;parcial_setembro_com_quebra_de_schema
2026-09-01_a_2026-09-14;2026-09-13;19:07:34;DdPmNEUsUvS;3985572219008928722;reel;colaboracao;anasilva.azevedo;nao;https://www.instagram.com/insights/media/3985572219008928722/;695;340;;;;;;2;0;0;20;80.3%;;;;;;19.7%;3.02;atividade_do_perfil, novos_seguidores;"cabecalho_traz_comentarios=2; rotulo_sem_valor_numerico:novos_seguidores=50%; rotulo_sem_valor_numerico:atividade_do_perfil=--";000-Arquivos-originais/Dados para mega-relatório pós Sudoexpo/Redes sociais/instagram_acirvoficial_insights_setembro_2026.xlsx;993eb1eaab95589148903864c883937571951848;parcial_setembro_com_quebra_de_schema
2026-09-01_a_2026-09-14;2026-09-13;18:32:49;DdPiOg7Fh1l;3985554726251273573;p;colaboracao;anasilva.azevedo;nao;https://www.instagram.com/insights/media/3985554726251273573/;1498;711;;;44;;;0;0;0;46;;;68.9%;;;;31.1%;2.94;atividade_do_perfil, novos_seguidores;"cabecalho_traz_comentarios=0; rotulo_sem_valor_numerico:novos_seguidores=9+; rotulo_sem_valor_numerico:atividade_do_perfil=--";000-Arquivos-originais/Dados para mega-relatório pós Sudoexpo/Redes sociais/instagram_acirvoficial_insights_setembro_2026.xlsx;993eb1eaab95589148903864c883937571951848;parcial_setembro_com_quebra_de_schema
2026-09-01_a_2026-09-14;2026-09-13;17:27:12;DdPat8eAb5A;3985521701759860288;reel;colaboracao;sudoexpo.oficial;nao;https://www.instagram.com/insights/media/3985521701759860288/;3072;2143;;;;;;6;19;2;96;33.7%;;;;;;66.3%;4.17;atividade_do_perfil, novos_seguidores;"cabecalho_traz_comentarios=6; rotulo_sem_valor_numerico:novos_seguidores=33.1%; rotulo_sem_valor_numerico:atividade_do_perfil=--";000-Arquivos-originais/Dados para mega-relatório pós Sudoexpo/Redes sociais/instagram_acirvoficial_insights_setembro_2026.xlsx;993eb1eaab95589148903864c883937571951848;parcial_setembro_com_quebra_de_schema
2026-09-01_a_2026-09-14;2026-09-13;11:33:00;DdOyLycOUju;3985343432669874414;reel;colaboracao;gruposociety;nao;https://www.instagram.com/insights/media/3985343432669874414/;679;386;;;;;;0;2;0;33;71.2%;;;;;;28.8%;5.74;atividade_do_perfil, novos_seguidores;"cabecalho_traz_comentarios=0; rotulo_sem_valor_numerico:novos_seguidores=18.8%; rotulo_sem_valor_numerico:atividade_do_perfil=--";000-Arquivos-originais/Dados para mega-relatório pós Sudoexpo/Redes sociais/instagram_acirvoficial_insights_setembro_2026.xlsx;993eb1eaab95589148903864c883937571951848;parcial_setembro_com_quebra_de_schema
2026-09-01_a_2026-09-14;2026-09-13;11:09:59;DdOvjIdjb9D;3985331842722938691;reel;colaboracao;agroeprosa;nao;https://www.instagram.com/insights/media/3985331842722938691/;368;303;;;;;;0;0;0;12;48.7%;;;;;;51.3%;3.53;atividade_do_perfil, novos_seguidores;"cabecalho_traz_comentarios=0; rotulo_sem_valor_numerico:novos_seguidores=22.2%; rotulo_sem_valor_numerico:atividade_do_perfil=--";000-Arquivos-originais/Dados para mega-relatório pós Sudoexpo/Redes sociais/instagram_acirvoficial_insights_setembro_2026.xlsx;993eb1eaab95589148903864c883937571951848;parcial_setembro_com_quebra_de_schema
2026-09-01_a_2026-09-14;2026-09-13;00:31:22;DdNmdx9MQbn;3985010417564976871;reel;colaboracao;rosaniacandidaa;nao;https://www.instagram.com/insights/media/3985010417564976871/;631;404;;;;;;2;0;0;30;74.3%;;;;;;25.7%;4.91;atividade_do_perfil, novos_seguidores;"cabecalho_traz_comentarios=2; rotulo_sem_valor_numerico:novos_seguidores=0%; rotulo_sem_valor_numerico:atividade_do_perfil=--";000-Arquivos-originais/Dados para mega-relatório pós Sudoexpo/Redes sociais/instagram_acirvoficial_insights_setembro_2026.xlsx;993eb1eaab95589148903864c883937571951848;parcial_setembro_com_quebra_de_schema
2026-09-01_a_2026-09-14;2026-09-12;21:23:14;DdNQ71ptdO0;3984915726094160820;reel;colaboracao;riovertech;nao;https://www.instagram.com/insights/media/3984915726094160820/;1086;642;;;;;;2;29;2;38;45.3%;;;;;;54.7%;6.54;atividade_do_perfil, novos_seguidores;"cabecalho_traz_comentarios=2; rotulo_sem_valor_numerico:novos_seguidores=28.6%; rotulo_sem_valor_numerico:atividade_do_perfil=--";000-Arquivos-originais/Dados para mega-relatório pós Sudoexpo/Redes sociais/instagram_acirvoficial_insights_setembro_2026.xlsx;993eb1eaab95589148903864c883937571951848;parcial_setembro_com_quebra_de_schema
2026-09-01_a_2026-09-14;2026-09-12;20:49:45;DdNNGmSmkx0;3984898873328553076;p;colaboracao;sudoexpo.oficial;nao;https://www.instagram.com/insights/media/3984898873328553076/;4438;1875;;;100;;;0;3;1;96;;;61.5%;;;;38.5%;2.25;atividade_do_perfil, novos_seguidores;"cabecalho_traz_comentarios=0; rotulo_sem_valor_numerico:novos_seguidores=30.4%; rotulo_sem_valor_numerico:atividade_do_perfil=--";000-Arquivos-originais/Dados para mega-relatório pós Sudoexpo/Redes sociais/instagram_acirvoficial_insights_setembro_2026.xlsx;993eb1eaab95589148903864c883937571951848;parcial_setembro_com_quebra_de_schema
2026-09-01_a_2026-09-14;2026-09-12;18:13:16;DdM7MecyWWA;3984820112389137792;reel;colaboracao;sarahdaotica;nao;https://www.instagram.com/insights/media/3984820112389137792/;115839;64079;;;;;;128;280;104;8250;6%;;;;;;94%;7.23;atividade_do_perfil, novos_seguidores;"cabecalho_traz_comentarios=128; rotulo_sem_valor_numerico:novos_seguidores=96.2%; rotulo_sem_valor_numerico:atividade_do_perfil=--";000-Arquivos-originais/Dados para mega-relatório pós Sudoexpo/Redes sociais/instagram_acirvoficial_insights_setembro_2026.xlsx;993eb1eaab95589148903864c883937571951848;parcial_setembro_com_quebra_de_schema
2026-09-01_a_2026-09-14;2026-09-12;08:00:08;DdL1ByjB4pH;3984511514798688839;reel;colaboracao;sudoexpo.oficial;nao;https://www.instagram.com/insights/media/3984511514798688839/;2873;1803;;;;;;3;9;1;66;36.4%;;;;;;63.6%;2.85;atividade_do_perfil, novos_seguidores;"cabecalho_traz_comentarios=3; rotulo_sem_valor_numerico:novos_seguidores=29.2%; rotulo_sem_valor_numerico:atividade_do_perfil=--";000-Arquivos-originais/Dados para mega-relatório pós Sudoexpo/Redes sociais/instagram_acirvoficial_insights_setembro_2026.xlsx;993eb1eaab95589148903864c883937571951848;parcial_setembro_com_quebra_de_schema
2026-09-01_a_2026-09-14;2026-09-12;01:32:34;DdLIrHEN2gs;3984316442235856940;p;proprio;nao;nao_informado;https://www.instagram.com/insights/media/3984316442235856940/;7339;3837;;;100;;;4;16;2;89;1;1;23;22;0;40.7%;59.3%;1.36;cabecalho_curtidas_comentarios=77/4;;000-Arquivos-originais/Dados para mega-relatório pós Sudoexpo/Redes sociais/instagram_acirvoficial_insights_setembro_2026.xlsx;993eb1eaab95589148903864c883937571951848;parcial_setembro_com_quebra_de_schema
2026-09-01_a_2026-09-14;2026-09-11;22:56:12;DdK2x2gt8Kt;3984237740659557037;p;colaboracao;helenrborges;nao;https://www.instagram.com/insights/media/3984237740659557037/;3050;1621;;;55;;;0;0;0;55;;;82.1%;;;;17.9%;1.8;atividade_do_perfil, novos_seguidores;"cabecalho_traz_comentarios=0; rotulo_sem_valor_numerico:novos_seguidores=9+; rotulo_sem_valor_numerico:atividade_do_perfil=--";000-Arquivos-originais/Dados para mega-relatório pós Sudoexpo/Redes sociais/instagram_acirvoficial_insights_setembro_2026.xlsx;993eb1eaab95589148903864c883937571951848;parcial_setembro_com_quebra_de_schema
2026-09-01_a_2026-09-14;2026-09-11;22:40:13;DdK081ZG-QW;3984229699279381526;p;proprio;nao;nao_informado;https://www.instagram.com/insights/media/3984229699279381526/;5548;2458;;;69;;;0;22;2;59;1;1;7;6;0;51.1%;48.9%;1.24;cabecalho_curtidas_comentarios=43/0;;000-Arquivos-originais/Dados para mega-relatório pós Sudoexpo/Redes sociais/instagram_acirvoficial_insights_setembro_2026.xlsx;993eb1eaab95589148903864c883937571951848;parcial_setembro_com_quebra_de_schema
2026-09-01_a_2026-09-14;2026-09-11;22:24:23;DdKzI1aNxTB;3984221727838639297;reel;proprio;nao;nao_informado;https://www.instagram.com/insights/media/3984221727838639297/;3079;1768;;;;;;0;3;1;76;2;2;;44.5%;;;55.5%;2.63;cabecalho_curtidas_comentarios=72/0;;000-Arquivos-originais/Dados para mega-relatório pós Sudoexpo/Redes sociais/instagram_acirvoficial_insights_setembro_2026.xlsx;993eb1eaab95589148903864c883937571951848;parcial_setembro_com_quebra_de_schema
2026-09-01_a_2026-09-14;2026-09-11;22:18:29;DdKydrlP2Vq;3984218762348815722;reel;colaboracao;paxrioverde;nao;https://www.instagram.com/insights/media/3984218762348815722/;1340;801;;;;;;4;2;0;73;50.3%;;;;;;49.7%;5.9;atividade_do_perfil, novos_seguidores;"cabecalho_traz_comentarios=4; rotulo_sem_valor_numerico:novos_seguidores=40.9%; rotulo_sem_valor_numerico:atividade_do_perfil=--";000-Arquivos-originais/Dados para mega-relatório pós Sudoexpo/Redes sociais/instagram_acirvoficial_insights_setembro_2026.xlsx;993eb1eaab95589148903864c883937571951848;parcial_setembro_com_quebra_de_schema
2026-09-01_a_2026-09-14;2026-09-11;19:26:44;DdKezwboG0y;3984132318454377778;p;colaboracao;simpleagro;nao;https://www.instagram.com/insights/media/3984132318454377778/;3098;1220;;;78;;;0;6;1;70;;;57.8%;;;;42.2%;2.52;atividade_do_perfil, novos_seguidores;"cabecalho_traz_comentarios=0; rotulo_sem_valor_numerico:novos_seguidores=24%; rotulo_sem_valor_numerico:atividade_do_perfil=--";000-Arquivos-originais/Dados para mega-relatório pós Sudoexpo/Redes sociais/instagram_acirvoficial_insights_setembro_2026.xlsx;993eb1eaab95589148903864c883937571951848;parcial_setembro_com_quebra_de_schema
2026-09-01_a_2026-09-14;2026-09-11;17:59:40;DdKU1-hgQAq;3984088490559209514;reel;proprio;nao;nao_informado;https://www.instagram.com/insights/media/3984088490559209514/;2069;1126;;;;;;3;3;0;30;1;1;;40.4%;;;59.6%;1.74;cabecalho_curtidas_comentarios=29/3;;000-Arquivos-originais/Dados para mega-relatório pós Sudoexpo/Redes sociais/instagram_acirvoficial_insights_setembro_2026.xlsx;993eb1eaab95589148903864c883937571951848;parcial_setembro_com_quebra_de_schema
2026-09-01_a_2026-09-14;2026-09-11;16:56:38;DdKNoY5AEaq;3984056770472461994;reel;proprio;nao;nao_informado;https://www.instagram.com/insights/media/3984056770472461994/;3254;1986;;;;;;0;5;0;93;1;1;;44%;;;56%;3.01;cabecalho_curtidas_comentarios=90/0;;000-Arquivos-originais/Dados para mega-relatório pós Sudoexpo/Redes sociais/instagram_acirvoficial_insights_setembro_2026.xlsx;993eb1eaab95589148903864c883937571951848;parcial_setembro_com_quebra_de_schema
2026-09-01_a_2026-09-14;2026-09-11;16:10:27;DdKIWFpGtIH;3984033522621534727;p;colaboracao;sudoexpo.oficial;nao;https://www.instagram.com/insights/media/3984033522621534727/;6532;3002;;;245;;;3;15;3;226;;;51.8%;;;;48.2%;3.75;atividade_do_perfil, novos_seguidores;"cabecalho_traz_comentarios=3; rotulo_sem_valor_numerico:novos_seguidores=33%; rotulo_sem_valor_numerico:atividade_do_perfil=--";000-Arquivos-originais/Dados para mega-relatório pós Sudoexpo/Redes sociais/instagram_acirvoficial_insights_setembro_2026.xlsx;993eb1eaab95589148903864c883937571951848;parcial_setembro_com_quebra_de_schema
2026-09-01_a_2026-09-14;2026-09-11;15:09:05;DdKBUlHg4h_;3984002632653179007;p;proprio;nao;nao_informado;https://www.instagram.com/insights/media/3984002632653179007/;9379;5228;;;155;;;20;18;0;119;3;3;51;48;0;35%;65%;1.65;cabecalho_curtidas_comentarios=113/20;;000-Arquivos-originais/Dados para mega-relatório pós Sudoexpo/Redes sociais/instagram_acirvoficial_insights_setembro_2026.xlsx;993eb1eaab95589148903864c883937571951848;parcial_setembro_com_quebra_de_schema
2026-09-01_a_2026-09-14;2026-09-11;14:48:23;DdJ-9EmSBdB;3983992221094909761;reel;colaboracao;ambifort;nao;https://www.instagram.com/insights/media/3983992221094909761/;3225;1112;;;;;;0;2;0;140;64.4%;;;;;;35.6%;4.43;atividade_do_perfil, novos_seguidores;"cabecalho_traz_comentarios=0; rotulo_sem_valor_numerico:novos_seguidores=38.9%; rotulo_sem_valor_numerico:atividade_do_perfil=--";000-Arquivos-originais/Dados para mega-relatório pós Sudoexpo/Redes sociais/instagram_acirvoficial_insights_setembro_2026.xlsx;993eb1eaab95589148903864c883937571951848;parcial_setembro_com_quebra_de_schema
2026-09-01_a_2026-09-14;2026-09-11;12:22:53;DdJuTR_OMDD;3983918980509778115;reel;proprio;nao;nao_informado;https://www.instagram.com/insights/media/3983918980509778115/;1837;1202;;;;;;3;3;1;33;1;1;;39.1%;;;60.9%;2.01;cabecalho_curtidas_comentarios=30/3;;000-Arquivos-originais/Dados para mega-relatório pós Sudoexpo/Redes sociais/instagram_acirvoficial_insights_setembro_2026.xlsx;993eb1eaab95589148903864c883937571951848;parcial_setembro_com_quebra_de_schema
2026-09-01_a_2026-09-14;2026-09-11;12:02:02;DdJr6lFxswG;3983908486940904454;reel;colaboracao;futuraimoveis_rv;nao;https://www.instagram.com/insights/media/3983908486940904454/;2317;1533;;;;;;10;38;1;75;35.5%;;;;;;64.5%;5.78;atividade_do_perfil, novos_seguidores;"cabecalho_traz_comentarios=10; rotulo_sem_valor_numerico:novos_seguidores=43.2%; rotulo_sem_valor_numerico:atividade_do_perfil=--";000-Arquivos-originais/Dados para mega-relatório pós Sudoexpo/Redes sociais/instagram_acirvoficial_insights_setembro_2026.xlsx;993eb1eaab95589148903864c883937571951848;parcial_setembro_com_quebra_de_schema
2026-09-01_a_2026-09-14;2026-09-11;03:22:38;DdIweZTRkSF;3983647065392956549;reel;colaboracao;sudoexpo.oficial;nao;https://www.instagram.com/insights/media/3983647065392956549/;3688;2399;;;;;;4;36;1;97;31.6%;;;;;;68.4%;3.61;atividade_do_perfil, novos_seguidores;"cabecalho_traz_comentarios=4; rotulo_sem_valor_numerico:novos_seguidores=40%; rotulo_sem_valor_numerico:atividade_do_perfil=--";000-Arquivos-originais/Dados para mega-relatório pós Sudoexpo/Redes sociais/instagram_acirvoficial_insights_setembro_2026.xlsx;993eb1eaab95589148903864c883937571951848;parcial_setembro_com_quebra_de_schema
2026-09-01_a_2026-09-14;2026-09-10;22:35:06;DdIPkcum3wF;3983502345854745605;p;proprio;nao;nao_informado;https://www.instagram.com/insights/media/3983502345854745605/;6166;2909;;;127;;;0;54;4;115;2;2;20;17;1;44.6%;55.4%;2.06;cabecalho_curtidas_comentarios=68/0;;000-Arquivos-originais/Dados para mega-relatório pós Sudoexpo/Redes sociais/instagram_acirvoficial_insights_setembro_2026.xlsx;993eb1eaab95589148903864c883937571951848;parcial_setembro_com_quebra_de_schema
2026-09-01_a_2026-09-14;2026-09-10;18:02:16;DdHwWIKAYbH;3983365022251321031;reel;proprio;nao;nao_informado;https://www.instagram.com/insights/media/3983365022251321031/;1694;1074;;;;;;2;1;0;32;1;1;;32.6%;;;67.4%;1.89;cabecalho_curtidas_comentarios=29/2;;000-Arquivos-originais/Dados para mega-relatório pós Sudoexpo/Redes sociais/instagram_acirvoficial_insights_setembro_2026.xlsx;993eb1eaab95589148903864c883937571951848;parcial_setembro_com_quebra_de_schema
2026-09-01_a_2026-09-14;2026-09-10;17:02:38;DdHpheEGqK7;3983335015363289787;p;colaboracao;sudoexpo.oficial;nao;https://www.instagram.com/insights/media/3983335015363289787/;4825;2370;;;94;;;1;8;0;89;;;50.5%;;;;49.5%;1.95;atividade_do_perfil, novos_seguidores;"cabecalho_traz_comentarios=1; rotulo_sem_valor_numerico:novos_seguidores=41.7%; rotulo_sem_valor_numerico:atividade_do_perfil=--";000-Arquivos-originais/Dados para mega-relatório pós Sudoexpo/Redes sociais/instagram_acirvoficial_insights_setembro_2026.xlsx;993eb1eaab95589148903864c883937571951848;parcial_setembro_com_quebra_de_schema
2026-09-01_a_2026-09-14;2026-09-10;15:04:14;DdHb-QSA-Yk;3983275420777965092;reel;colaboracao;sudoexpo.oficial;nao;https://www.instagram.com/insights/media/3983275420777965092/;2306;1418;;;;;;2;1;1;38;48.3%;;;;;;51.7%;1.91;atividade_do_perfil, novos_seguidores;"cabecalho_traz_comentarios=2; rotulo_sem_valor_numerico:novos_seguidores=22%; rotulo_sem_valor_numerico:atividade_do_perfil=--";000-Arquivos-originais/Dados para mega-relatório pós Sudoexpo/Redes sociais/instagram_acirvoficial_insights_setembro_2026.xlsx;993eb1eaab95589148903864c883937571951848;parcial_setembro_com_quebra_de_schema
2026-09-01_a_2026-09-14;2026-09-10;11:54:56;DdHGTtXOHYI;3983180138089575944;reel;proprio;nao;nao_informado;https://www.instagram.com/insights/media/3983180138089575944/;2296;1560;;;;;;0;4;1;71;4;4;;38.3%;;;61.7%;3.18;cabecalho_curtidas_comentarios=67/0;;000-Arquivos-originais/Dados para mega-relatório pós Sudoexpo/Redes sociais/instagram_acirvoficial_insights_setembro_2026.xlsx;993eb1eaab95589148903864c883937571951848;parcial_setembro_com_quebra_de_schema
2026-09-01_a_2026-09-14;2026-09-10;10:05:07;DdG5vckRIDL;3983124869595562187;p;proprio;nao;nao_informado;https://www.instagram.com/insights/media/3983124869595562187/;6257;3418;;;108;;;6;18;1;91;3;3;28;23;2;44.6%;55.4%;1.73;cabecalho_curtidas_comentarios=80/6;;000-Arquivos-originais/Dados para mega-relatório pós Sudoexpo/Redes sociais/instagram_acirvoficial_insights_setembro_2026.xlsx;993eb1eaab95589148903864c883937571951848;parcial_setembro_com_quebra_de_schema
2026-09-01_a_2026-09-14;2026-09-10;09:39:12;DdG2xo0g7H-;3983111826052461054;reel;proprio;nao;nao_informado;https://www.instagram.com/insights/media/3983111826052461054/;3483;2175;;;;;;2;11;2;85;2;2;;39.6%;;;60.4%;2.61;cabecalho_curtidas_comentarios=73/2;;000-Arquivos-originais/Dados para mega-relatório pós Sudoexpo/Redes sociais/instagram_acirvoficial_insights_setembro_2026.xlsx;993eb1eaab95589148903864c883937571951848;parcial_setembro_com_quebra_de_schema
2026-09-01_a_2026-09-14;2026-09-10;00:53:31;DdF6nVitWpT;3982847235367201363;reel;proprio;nao;nao_informado;https://www.instagram.com/insights/media/3982847235367201363/;4581;2840;;;;;;8;22;3;155;3;3;;49.5%;;;50.5%;4.1;cabecalho_curtidas_comentarios=140/8;;000-Arquivos-originais/Dados para mega-relatório pós Sudoexpo/Redes sociais/instagram_acirvoficial_insights_setembro_2026.xlsx;993eb1eaab95589148903864c883937571951848;parcial_setembro_com_quebra_de_schema
2026-09-01_a_2026-09-14;2026-09-09;23:15:04;DdFvWYTt-Tt;3982797691594204397;reel;proprio;nao;nao_informado;https://www.instagram.com/insights/media/3982797691594204397/;4204;2603;;;;;;5;18;2;124;2;2;;45.4%;;;54.6%;3.43;cabecalho_curtidas_comentarios=111/5;;000-Arquivos-originais/Dados para mega-relatório pós Sudoexpo/Redes sociais/instagram_acirvoficial_insights_setembro_2026.xlsx;993eb1eaab95589148903864c883937571951848;parcial_setembro_com_quebra_de_schema
2026-09-01_a_2026-09-14;2026-09-09;22:40:51;DdFrbu6GzuQ;3982780467271908240;p;proprio;nao;nao_informado;https://www.instagram.com/insights/media/3982780467271908240/;14153;6040;;;461;;;12;157;8;406;6;6;75;53;16;49.9%;50.1%;3.26;cabecalho_curtidas_comentarios=278/12;;000-Arquivos-originais/Dados para mega-relatório pós Sudoexpo/Redes sociais/instagram_acirvoficial_insights_setembro_2026.xlsx;993eb1eaab95589148903864c883937571951848;parcial_setembro_com_quebra_de_schema
2026-09-01_a_2026-09-14;2026-09-09;20:39:56;DdFdmIZttLZ;3982719609189356249;reel;proprio;nao;nao_informado;https://www.instagram.com/insights/media/3982719609189356249/;5272;3109;;;;;;2;17;4;173;2;2;;43%;;;57%;3.6;cabecalho_curtidas_comentarios=156/2;;000-Arquivos-originais/Dados para mega-relatório pós Sudoexpo/Redes sociais/instagram_acirvoficial_insights_setembro_2026.xlsx;993eb1eaab95589148903864c883937571951848;parcial_setembro_com_quebra_de_schema
2026-09-01_a_2026-09-14;2026-09-09;19:38:55;DdFWnN_PIwX;3982688897581485079;reel;colaboracao;raphael_valongo;nao;https://www.instagram.com/insights/media/3982688897581485079/;1134;649;;;;;;5;0;0;55;89.7%;;;;;;10.3%;5.2;atividade_do_perfil, novos_seguidores;"cabecalho_traz_comentarios=5; rotulo_sem_valor_numerico:novos_seguidores=20%; rotulo_sem_valor_numerico:atividade_do_perfil=--";000-Arquivos-originais/Dados para mega-relatório pós Sudoexpo/Redes sociais/instagram_acirvoficial_insights_setembro_2026.xlsx;993eb1eaab95589148903864c883937571951848;parcial_setembro_com_quebra_de_schema
2026-09-01_a_2026-09-14;2026-09-09;19:09:26;DdFTPT0A6Ae;3982674060428681246;p;proprio;nao;nao_informado;https://www.instagram.com/insights/media/3982674060428681246/;3241;1728;;;28;;;1;4;0;24;1;1;2;1;0;41.3%;58.7%;0.86;cabecalho_curtidas_comentarios=20/1;;000-Arquivos-originais/Dados para mega-relatório pós Sudoexpo/Redes sociais/instagram_acirvoficial_insights_setembro_2026.xlsx;993eb1eaab95589148903864c883937571951848;parcial_setembro_com_quebra_de_schema
2026-09-01_a_2026-09-14;2026-09-09;16:37:58;DdFB51QG1ab;3982597817714300571;p;proprio;nao;nao_informado;https://www.instagram.com/insights/media/3982597817714300571/;4989;2488;;;63;;;0;11;0;58;0;0;6;6;0;44.9%;55.1%;1.26;cabecalho_curtidas_comentarios=50/0;;000-Arquivos-originais/Dados para mega-relatório pós Sudoexpo/Redes sociais/instagram_acirvoficial_insights_setembro_2026.xlsx;993eb1eaab95589148903864c883937571951848;parcial_setembro_com_quebra_de_schema
2026-09-01_a_2026-09-14;2026-09-09;11:59:52;DdEiFACRYd2;3982457847719233398;p;proprio;nao;nao_informado;https://www.instagram.com/insights/media/3982457847719233398/;5585;2897;;;121;;;2;21;0;105;0;0;17;16;1;46.1%;53.9%;2.17;cabecalho_curtidas_comentarios=90/2;;000-Arquivos-originais/Dados para mega-relatório pós Sudoexpo/Redes sociais/instagram_acirvoficial_insights_setembro_2026.xlsx;993eb1eaab95589148903864c883937571951848;parcial_setembro_com_quebra_de_schema
2026-09-01_a_2026-09-14;2026-09-09;15:08:10;DdE3oLJAJHT;3982552623801733587;p;proprio;nao;nao_informado;https://www.instagram.com/insights/media/3982552623801733587/;5911;3542;;;104;;;3;7;0;92;3;3;14;11;0;51.1%;48.9%;1.76;cabecalho_traz_comentarios=3;;000-Arquivos-originais/Dados para mega-relatório pós Sudoexpo/Redes sociais/instagram_acirvoficial_insights_setembro_2026.xlsx;993eb1eaab95589148903864c883937571951848;parcial_setembro_com_quebra_de_schema
2026-09-01_a_2026-09-14;2026-09-09;13:42:30;DdEt0rCNQ2D;3982509502216080771;reel;proprio;nao;nao_informado;https://www.instagram.com/insights/media/3982509502216080771/;4548;2544;;;;;;6;75;5;164;0;0;;38.3%;;;61.7%;4.68;cabecalho_curtidas_comentarios=123/6;;000-Arquivos-originais/Dados para mega-relatório pós Sudoexpo/Redes sociais/instagram_acirvoficial_insights_setembro_2026.xlsx;993eb1eaab95589148903864c883937571951848;parcial_setembro_com_quebra_de_schema
2026-09-01_a_2026-09-14;2026-09-09;13:02:49;DdEpSEvus9p;3982489532455636841;p;colaboracao;portalnoticiasgoias;nao;https://www.instagram.com/insights/media/3982489532455636841/;2206;1404;;;19;;;2;4;1;14;;;42.1%;;;;57.9%;0.86;atividade_do_perfil, novos_seguidores;"cabecalho_traz_comentarios=2; rotulo_sem_valor_numerico:novos_seguidores=71.4%; rotulo_sem_valor_numerico:atividade_do_perfil=--";000-Arquivos-originais/Dados para mega-relatório pós Sudoexpo/Redes sociais/instagram_acirvoficial_insights_setembro_2026.xlsx;993eb1eaab95589148903864c883937571951848;parcial_setembro_com_quebra_de_schema
2026-09-01_a_2026-09-14;2026-09-09;12:38:56;DdEmjK1EYQr;3982477513079227435;p;colaboracao;inovarioverde;nao;https://www.instagram.com/insights/media/3982477513079227435/;4700;2272;;;86;;;9;19;0;53;;;49.3%;;;;50.7%;1.83;atividade_do_perfil, novos_seguidores;"cabecalho_traz_comentarios=9; rotulo_sem_valor_numerico:novos_seguidores=27%; rotulo_sem_valor_numerico:atividade_do_perfil=--";000-Arquivos-originais/Dados para mega-relatório pós Sudoexpo/Redes sociais/instagram_acirvoficial_insights_setembro_2026.xlsx;993eb1eaab95589148903864c883937571951848;parcial_setembro_com_quebra_de_schema
2026-09-01_a_2026-09-14;2026-09-09;10:37:32;DdEYqAjlLOl;3982416410433598373;reel;colaboracao;portalpanorama;nao;https://www.instagram.com/insights/media/3982416410433598373/;1940;1414;;;;;;1;0;1;29;21.9%;;;;;;78.1%;1.55;atividade_do_perfil, novos_seguidores;"cabecalho_traz_comentarios=1; rotulo_sem_valor_numerico:novos_seguidores=17.9%; rotulo_sem_valor_numerico:atividade_do_perfil=--";000-Arquivos-originais/Dados para mega-relatório pós Sudoexpo/Redes sociais/instagram_acirvoficial_insights_setembro_2026.xlsx;993eb1eaab95589148903864c883937571951848;parcial_setembro_com_quebra_de_schema
2026-09-01_a_2026-09-14;2026-09-09;10:15:02;DdEWFKxmy3s;3982405082692660716;p;proprio;nao;nao_informado;https://www.instagram.com/insights/media/3982405082692660716/;462;209;;;10;;;0;1;0;8;0;0;;1;0;90%;10%;2.16;cabecalho_curtidas_comentarios=7/0;;000-Arquivos-originais/Dados para mega-relatório pós Sudoexpo/Redes sociais/instagram_acirvoficial_insights_setembro_2026.xlsx;993eb1eaab95589148903864c883937571951848;parcial_setembro_com_quebra_de_schema
2026-09-01_a_2026-09-14;2026-09-09;09:09:57;DdEOoeIA-Sy;3982372324279313586;p;colaboracao;jessicaasantosoficial;nao;https://www.instagram.com/insights/media/3982372324279313586/;905;445;;;136;;;95;2;1;39;;;79.8%;;;;20.2%;15.03;atividade_do_perfil, novos_seguidores;"cabecalho_traz_comentarios=95; rotulo_sem_valor_numerico:novos_seguidores=9+; rotulo_sem_valor_numerico:atividade_do_perfil=--";000-Arquivos-originais/Dados para mega-relatório pós Sudoexpo/Redes sociais/instagram_acirvoficial_insights_setembro_2026.xlsx;993eb1eaab95589148903864c883937571951848;parcial_setembro_com_quebra_de_schema
2026-09-01_a_2026-09-14;2026-09-09;06:00:34;DdD49Zym7Mn;3982277005710963495;p;proprio;nao;nao_informado;https://www.instagram.com/insights/media/3982277005710963495/;2700;1212;;;34;;;0;6;1;30;0;0;15;14;1;46.4%;53.6%;1.26;cabecalho_curtidas_comentarios=27/0;;000-Arquivos-originais/Dados para mega-relatório pós Sudoexpo/Redes sociais/instagram_acirvoficial_insights_setembro_2026.xlsx;993eb1eaab95589148903864c883937571951848;parcial_setembro_com_quebra_de_schema
2026-09-01_a_2026-09-14;2026-09-08;20:40:18;DdC416etoOC;3981995016078132098;reel;colaboracao;onofrearantes;nao;https://www.instagram.com/insights/media/3981995016078132098/;1874;1370;;;;;;0;8;1;41;35.3%;;;;;;64.7%;2.56;atividade_do_perfil, novos_seguidores;"cabecalho_traz_comentarios=0; rotulo_sem_valor_numerico:novos_seguidores=48.6%; rotulo_sem_valor_numerico:atividade_do_perfil=--";000-Arquivos-originais/Dados para mega-relatório pós Sudoexpo/Redes sociais/instagram_acirvoficial_insights_setembro_2026.xlsx;993eb1eaab95589148903864c883937571951848;parcial_setembro_com_quebra_de_schema
2026-09-01_a_2026-09-14;2026-09-08;14:28:54;DdCOVv_C4E0;3981808087832690996;reel;colaboracao;tvsucessoband;nao;https://www.instagram.com/insights/media/3981808087832690996/;1161;804;;;;;;1;3;0;29;30.4%;;;;;;69.6%;2.76;atividade_do_perfil, novos_seguidores;"cabecalho_traz_comentarios=1; rotulo_sem_valor_numerico:novos_seguidores=30.8%; rotulo_sem_valor_numerico:atividade_do_perfil=--";000-Arquivos-originais/Dados para mega-relatório pós Sudoexpo/Redes sociais/instagram_acirvoficial_insights_setembro_2026.xlsx;993eb1eaab95589148903864c883937571951848;parcial_setembro_com_quebra_de_schema
2026-09-01_a_2026-09-14;2026-09-08;14:03:15;DdCLZybG5H0;3981795171189363188;p;proprio;nao;nao_informado;https://www.instagram.com/insights/media/3981795171189363188/;434;212;;;6;;;0;0;0;6;0;0;;1;0;88%;12%;1.38;cabecalho_traz_comentarios=0;;000-Arquivos-originais/Dados para mega-relatório pós Sudoexpo/Redes sociais/instagram_acirvoficial_insights_setembro_2026.xlsx;993eb1eaab95589148903864c883937571951848;parcial_setembro_com_quebra_de_schema
2026-09-01_a_2026-09-14;2026-09-08;10:37:56;DdBz6CURtK1;3981691834161615541;p;proprio;nao;nao_informado;https://www.instagram.com/insights/media/3981691834161615541/;12633;6038;;;1618;;;902;133;35;609;229;229;306;71;6;41.9%;58.1%;12.81;cabecalho_curtidas_comentarios=529/902;;000-Arquivos-originais/Dados para mega-relatório pós Sudoexpo/Redes sociais/instagram_acirvoficial_insights_setembro_2026.xlsx;993eb1eaab95589148903864c883937571951848;parcial_setembro_com_quebra_de_schema
2026-09-01_a_2026-09-14;2026-09-08;10:01:27;DdBvu4bmxMN;3981673475446870797;p;proprio;nao;nao_informado;https://www.instagram.com/insights/media/3981673475446870797/;1130;473;;;31;;;1;0;0;28;0;0;8;7;1;91%;9%;2.74;cabecalho_curtidas_comentarios=27/1;;000-Arquivos-originais/Dados para mega-relatório pós Sudoexpo/Redes sociais/instagram_acirvoficial_insights_setembro_2026.xlsx;993eb1eaab95589148903864c883937571951848;parcial_setembro_com_quebra_de_schema
2026-09-01_a_2026-09-14;2026-09-08;08:11:02;DdBjGEym9yG;3981617894661020806;p;proprio;nao;nao_informado;https://www.instagram.com/insights/media/3981617894661020806/;8421;2826;;;159;;;6;42;1;109;4;4;18;12;2;42%;58%;1.89;cabecalho_curtidas_comentarios=96/6;;000-Arquivos-originais/Dados para mega-relatório pós Sudoexpo/Redes sociais/instagram_acirvoficial_insights_setembro_2026.xlsx;993eb1eaab95589148903864c883937571951848;parcial_setembro_com_quebra_de_schema
2026-09-01_a_2026-09-14;2026-09-08;08:00:23;DdBh4HAGzy2;3981612536915770550;p;proprio;nao;nao_informado;https://www.instagram.com/insights/media/3981612536915770550/;2660;1388;;;49;;;1;12;0;42;0;0;22;13;9;51.8%;48.2%;1.84;cabecalho_curtidas_comentarios=35/1;;000-Arquivos-originais/Dados para mega-relatório pós Sudoexpo/Redes sociais/instagram_acirvoficial_insights_setembro_2026.xlsx;993eb1eaab95589148903864c883937571951848;parcial_setembro_com_quebra_de_schema
2026-09-01_a_2026-09-14;2026-09-08;06:03:01;DdBUceIG8ZI;3981553462996092488;p;proprio;nao;nao_informado;https://www.instagram.com/insights/media/3981553462996092488/;1161;638;;;16;;;0;2;0;13;0;0;13;12;1;66.8%;33.2%;1.38;cabecalho_traz_comentarios=0;;000-Arquivos-originais/Dados para mega-relatório pós Sudoexpo/Redes sociais/instagram_acirvoficial_insights_setembro_2026.xlsx;993eb1eaab95589148903864c883937571951848;parcial_setembro_com_quebra_de_schema
2026-09-01_a_2026-09-14;2026-09-07;17:38:05;Dc__Me5v2ff;3981178530363828191;reel;colaboracao;gruposalus.rh;nao;https://www.instagram.com/insights/media/3981178530363828191/;2268;1483;;;;;;6;7;1;94;60.6%;;;;;;39.4%;5.2;atividade_do_perfil, novos_seguidores;"cabecalho_traz_comentarios=6; rotulo_sem_valor_numerico:novos_seguidores=18.8%; rotulo_sem_valor_numerico:atividade_do_perfil=--";000-Arquivos-originais/Dados para mega-relatório pós Sudoexpo/Redes sociais/instagram_acirvoficial_insights_setembro_2026.xlsx;993eb1eaab95589148903864c883937571951848;parcial_setembro_com_quebra_de_schema
2026-09-01_a_2026-09-14;2026-09-07;16:29:33;Dc_3WgKgiL2;3981144034541445878;reel;proprio;nao;nao_informado;https://www.instagram.com/insights/media/3981144034541445878/;53845;;;97;;;;1;12;3;85;35;35;;5.7%;;;94.3%;0.18;cabecalho_traz_comentarios=1;;000-Arquivos-originais/Dados para mega-relatório pós Sudoexpo/Redes sociais/instagram_acirvoficial_insights_setembro_2026.xlsx;993eb1eaab95589148903864c883937571951848;parcial_setembro_com_quebra_de_schema
2026-09-01_a_2026-09-14;2026-09-07;16:02:32;Dc_0Qpzv_EK;3981130438440644874;reel;colaboracao;onofrearantes;nao;https://www.instagram.com/insights/media/3981130438440644874/;618;436;;;;;;1;6;1;20;64.9%;;;;;;35.1%;4.69;atividade_do_perfil, novos_seguidores;"cabecalho_traz_comentarios=1; rotulo_sem_valor_numerico:novos_seguidores=23.1%; rotulo_sem_valor_numerico:atividade_do_perfil=--";000-Arquivos-originais/Dados para mega-relatório pós Sudoexpo/Redes sociais/instagram_acirvoficial_insights_setembro_2026.xlsx;993eb1eaab95589148903864c883937571951848;parcial_setembro_com_quebra_de_schema
2026-09-01_a_2026-09-14;2026-09-06;13:19:55;Dc882sqOh4s;3980323812284177964;reel;colaboracao;aplausoaudiovisual;nao;https://www.instagram.com/insights/media/3980323812284177964/;963;396;;;;;;0;1;0;18;78.2%;;;;;;21.8%;1.87;atividade_do_perfil, novos_seguidores;"cabecalho_traz_comentarios=0; rotulo_sem_valor_numerico:novos_seguidores=0%; rotulo_sem_valor_numerico:atividade_do_perfil=--";000-Arquivos-originais/Dados para mega-relatório pós Sudoexpo/Redes sociais/instagram_acirvoficial_insights_setembro_2026.xlsx;993eb1eaab95589148903864c883937571951848;parcial_setembro_com_quebra_de_schema
2026-09-01_a_2026-09-14;2026-09-05;12:21:18;Dc6RWcvjngh;3979569530217068577;p;proprio;nao;nao_informado;https://www.instagram.com/insights/media/3979569530217068577/;3371;1666;;;93;;;3;0;0;90;3;3;5;2;0;86.3%;13.7%;2.76;cabecalho_curtidas_comentarios=88/3;;000-Arquivos-originais/Dados para mega-relatório pós Sudoexpo/Redes sociais/instagram_acirvoficial_insights_setembro_2026.xlsx;993eb1eaab95589148903864c883937571951848;parcial_setembro_com_quebra_de_schema
2026-09-01_a_2026-09-14;2026-09-05;11:40:41;Dc6Ms-bvK-T;3979549087987707795;reel;colaboracao;raphael_valongo;nao;https://www.instagram.com/insights/media/3979549087987707795/;800;548;;;;;;2;0;0;27;71.4%;;;;;;28.6%;3.62;atividade_do_perfil, novos_seguidores;"cabecalho_traz_comentarios=2; rotulo_sem_valor_numerico:novos_seguidores=17.4%; rotulo_sem_valor_numerico:atividade_do_perfil=--";000-Arquivos-originais/Dados para mega-relatório pós Sudoexpo/Redes sociais/instagram_acirvoficial_insights_setembro_2026.xlsx;993eb1eaab95589148903864c883937571951848;parcial_setembro_com_quebra_de_schema
2026-09-01_a_2026-09-14;2026-09-04;20:17:05;Dc4jAUhG6O3;3979084224440017847;p;proprio;nao;nao_informado;https://www.instagram.com/insights/media/3979084224440017847/;5145;2338;;;52;;;0;13;0;42;0;0;9;5;4;39.4%;60.6%;1.01;cabecalho_curtidas_comentarios=37/0;;000-Arquivos-originais/Dados para mega-relatório pós Sudoexpo/Redes sociais/instagram_acirvoficial_insights_setembro_2026.xlsx;993eb1eaab95589148903864c883937571951848;parcial_setembro_com_quebra_de_schema
2026-09-01_a_2026-09-14;2026-09-04;19:14:20;Dc4b0uqG1QH;3979052641548981255;p;proprio;nao;nao_informado;https://www.instagram.com/insights/media/3979052641548981255/;591;257;;;5;;;0;0;0;5;0;0;1;1;0;83.8%;16.2%;0.85;cabecalho_curtidas_comentarios=5/0;;000-Arquivos-originais/Dados para mega-relatório pós Sudoexpo/Redes sociais/instagram_acirvoficial_insights_setembro_2026.xlsx;993eb1eaab95589148903864c883937571951848;parcial_setembro_com_quebra_de_schema
2026-09-01_a_2026-09-14;2026-09-04;14:37:33;Dc38Jj4xAVM;3978913335604413772;reel;colaboracao;gruposalus.rh;nao;https://www.instagram.com/insights/media/3978913335604413772/;2196;1380;;;;;;1;12;1;31;43.2%;;;;;;56.8%;1.68;atividade_do_perfil, novos_seguidores;"cabecalho_traz_comentarios=1; rotulo_sem_valor_numerico:novos_seguidores=0%; rotulo_sem_valor_numerico:atividade_do_perfil=--";000-Arquivos-originais/Dados para mega-relatório pós Sudoexpo/Redes sociais/instagram_acirvoficial_insights_setembro_2026.xlsx;993eb1eaab95589148903864c883937571951848;parcial_setembro_com_quebra_de_schema
2026-09-01_a_2026-09-14;2026-09-04;12:16:13;Dc3r-ZXP03B;3978842199646227905;reel;colaboracao;raphael_valongo;nao;https://www.instagram.com/insights/media/3978842199646227905/;865;584;;;;;;6;0;0;45;62.9%;;;;;;37.1%;6.24;atividade_do_perfil, novos_seguidores;"cabecalho_traz_comentarios=6; rotulo_sem_valor_numerico:novos_seguidores=26.8%; rotulo_sem_valor_numerico:atividade_do_perfil=--";000-Arquivos-originais/Dados para mega-relatório pós Sudoexpo/Redes sociais/instagram_acirvoficial_insights_setembro_2026.xlsx;993eb1eaab95589148903864c883937571951848;parcial_setembro_com_quebra_de_schema
2026-09-01_a_2026-09-14;2026-09-04;11:46:51;Dc3onWLu4B0;3978827421544317044;p;proprio;nao;nao_informado;https://www.instagram.com/insights/media/3978827421544317044/;5218;2252;;;52;;;1;8;0;46;0;0;8;8;0;51.1%;48.9%;1;cabecalho_curtidas_comentarios=41/1;;000-Arquivos-originais/Dados para mega-relatório pós Sudoexpo/Redes sociais/instagram_acirvoficial_insights_setembro_2026.xlsx;993eb1eaab95589148903864c883937571951848;parcial_setembro_com_quebra_de_schema
2026-09-01_a_2026-09-14;2026-09-04;09:51:04;Dc3bXQMAa7y;3978769140990193394;p;proprio;nao;nao_informado;https://www.instagram.com/insights/media/3978769140990193394/;10800;5564;;;305;;;14;39;3;255;7;7;19;12;0;34.5%;65.5%;2.82;cabecalho_curtidas_comentarios=241/14;;000-Arquivos-originais/Dados para mega-relatório pós Sudoexpo/Redes sociais/instagram_acirvoficial_insights_setembro_2026.xlsx;993eb1eaab95589148903864c883937571951848;parcial_setembro_com_quebra_de_schema
2026-09-01_a_2026-09-14;2026-09-04;06:02:10;Dc3BKykC_Tu;3978653935338255598;reel;colaboracao;tvsucessoband;nao;https://www.instagram.com/insights/media/3978653935338255598/;1598;963;;;;;;5;13;0;36;50%;;;;;;50%;3.38;atividade_do_perfil, novos_seguidores;"cabecalho_traz_comentarios=5; rotulo_sem_valor_numerico:novos_seguidores=50%; rotulo_sem_valor_numerico:atividade_do_perfil=--";000-Arquivos-originais/Dados para mega-relatório pós Sudoexpo/Redes sociais/instagram_acirvoficial_insights_setembro_2026.xlsx;993eb1eaab95589148903864c883937571951848;parcial_setembro_com_quebra_de_schema
2026-09-01_a_2026-09-14;2026-09-03;16:52:37;Dc1mz9Km1eJ;3978256541988640649;p;proprio;nao;nao_informado;https://www.instagram.com/insights/media/3978256541988640649/;1297;671;;;22;;;0;0;0;22;0;0;1;1;0;94.1%;5.9%;1.7;cabecalho_curtidas_comentarios=22/0;;000-Arquivos-originais/Dados para mega-relatório pós Sudoexpo/Redes sociais/instagram_acirvoficial_insights_setembro_2026.xlsx;993eb1eaab95589148903864c883937571951848;parcial_setembro_com_quebra_de_schema
2026-09-01_a_2026-09-14;2026-09-03;16:51:59;Dc1mvTHmz4l;3978256221963238949;p;proprio;nao;nao_informado;https://www.instagram.com/insights/media/3978256221963238949/;1512;806;;;27;;;0;0;0;27;0;0;5;5;0;93.1%;6.9%;1.79;cabecalho_curtidas_comentarios=27/0;;000-Arquivos-originais/Dados para mega-relatório pós Sudoexpo/Redes sociais/instagram_acirvoficial_insights_setembro_2026.xlsx;993eb1eaab95589148903864c883937571951848;parcial_setembro_com_quebra_de_schema
2026-09-01_a_2026-09-14;2026-09-03;16:42:45;Dc1lrmhyNpw;3978251569879112304;reel;colaboracao;cowboydeterno;nao;https://www.instagram.com/insights/media/3978251569879112304/;2036;1337;;;;;;13;1;1;69;40.5%;;;;;;59.5%;4.27;atividade_do_perfil, novos_seguidores;"cabecalho_traz_comentarios=13; rotulo_sem_valor_numerico:novos_seguidores=36.5%; rotulo_sem_valor_numerico:atividade_do_perfil=--";000-Arquivos-originais/Dados para mega-relatório pós Sudoexpo/Redes sociais/instagram_acirvoficial_insights_setembro_2026.xlsx;993eb1eaab95589148903864c883937571951848;parcial_setembro_com_quebra_de_schema
2026-09-01_a_2026-09-14;2026-09-03;16:31:07;Dc1kWfYm75I;3978245721053445704;p;proprio;nao;nao_informado;https://www.instagram.com/insights/media/3978245721053445704/;909;457;;;22;;;0;0;0;22;0;0;;8;0;94.3%;5.7%;2.42;cabecalho_curtidas_comentarios=22/0;;000-Arquivos-originais/Dados para mega-relatório pós Sudoexpo/Redes sociais/instagram_acirvoficial_insights_setembro_2026.xlsx;993eb1eaab95589148903864c883937571951848;parcial_setembro_com_quebra_de_schema
2026-09-01_a_2026-09-14;2026-09-03;16:04:07;Dc1hQqGAeAK;3978232126096138250;p;colaboracao;carloswriter;nao;https://www.instagram.com/insights/media/3978232126096138250/;2373;1220;;;61;;;10;5;0;48;;;42.8%;;;;57.2%;2.57;atividade_do_perfil, novos_seguidores;"cabecalho_traz_comentarios=10; rotulo_sem_valor_numerico:novos_seguidores=9+; rotulo_sem_valor_numerico:atividade_do_perfil=--";000-Arquivos-originais/Dados para mega-relatório pós Sudoexpo/Redes sociais/instagram_acirvoficial_insights_setembro_2026.xlsx;993eb1eaab95589148903864c883937571951848;parcial_setembro_com_quebra_de_schema
2026-09-01_a_2026-09-14;2026-09-03;15:40:54;Dc1emstG-Bq;3978220446588592234;p;proprio;nao;nao_informado;https://www.instagram.com/insights/media/3978220446588592234/;1826;1034;;;36;;;0;1;0;36;0;0;6;6;0;87.1%;12.9%;1.97;cabecalho_curtidas_comentarios=35/0;;000-Arquivos-originais/Dados para mega-relatório pós Sudoexpo/Redes sociais/instagram_acirvoficial_insights_setembro_2026.xlsx;993eb1eaab95589148903864c883937571951848;parcial_setembro_com_quebra_de_schema
2026-09-01_a_2026-09-14;2026-09-03;14:50:55;Dc1Y4iXRR9X;3978195284156292951;p;colaboracao;radarrv;nao;https://www.instagram.com/insights/media/3978195284156292951/;603;373;;;12;;;0;1;0;10;;;84.3%;;;;15.7%;1.99;atividade_do_perfil, novos_seguidores;"cabecalho_traz_comentarios=0; rotulo_sem_valor_numerico:novos_seguidores=9+; rotulo_sem_valor_numerico:atividade_do_perfil=--";000-Arquivos-originais/Dados para mega-relatório pós Sudoexpo/Redes sociais/instagram_acirvoficial_insights_setembro_2026.xlsx;993eb1eaab95589148903864c883937571951848;parcial_setembro_com_quebra_de_schema
2026-09-01_a_2026-09-14;2026-09-03;14:20:30;Dc1VZw2GxF2;3978179975262703990;p;proprio;nao;nao_informado;https://www.instagram.com/insights/media/3978179975262703990/;2697;1414;;;63;;;1;11;2;54;0;0;3;3;0;45.9%;54.1%;2.34;cabecalho_curtidas_comentarios=46/1;;000-Arquivos-originais/Dados para mega-relatório pós Sudoexpo/Redes sociais/instagram_acirvoficial_insights_setembro_2026.xlsx;993eb1eaab95589148903864c883937571951848;parcial_setembro_com_quebra_de_schema
2026-09-01_a_2026-09-14;2026-09-03;11:26:37;Dc1BgNyP3K0;3978092457723130548;reel;colaboracao;raphael_valongo;nao;https://www.instagram.com/insights/media/3978092457723130548/;579;373;;;;;;0;0;0;30;72.7%;;;;;;27.3%;5.01;atividade_do_perfil, novos_seguidores;"cabecalho_traz_comentarios=0; rotulo_sem_valor_numerico:novos_seguidores=22.2%; rotulo_sem_valor_numerico:atividade_do_perfil=--";000-Arquivos-originais/Dados para mega-relatório pós Sudoexpo/Redes sociais/instagram_acirvoficial_insights_setembro_2026.xlsx;993eb1eaab95589148903864c883937571951848;parcial_setembro_com_quebra_de_schema
2026-09-01_a_2026-09-14;2026-09-03;08:53:28;Dc0v-ghAAmZ;3978015374581959065;p;colaboracao;brenoalves.92;nao;https://www.instagram.com/insights/media/3978015374581959065/;5557;3900;;;59;;;2;5;0;54;;;60.1%;;;;39.9%;1.06;atividade_do_perfil, novos_seguidores;"cabecalho_traz_comentarios=2; rotulo_sem_valor_numerico:novos_seguidores=26.3%; rotulo_sem_valor_numerico:atividade_do_perfil=--";000-Arquivos-originais/Dados para mega-relatório pós Sudoexpo/Redes sociais/instagram_acirvoficial_insights_setembro_2026.xlsx;993eb1eaab95589148903864c883937571951848;parcial_setembro_com_quebra_de_schema
2026-09-01_a_2026-09-14;2026-09-02;21:20:35;Dczgro-tPe6;3977666632325855162;p;proprio;nao;nao_informado;https://www.instagram.com/insights/media/3977666632325855162/;1821;1036;;;33;;;1;6;1;26;1;1;5;2;2;52.1%;47.9%;1.81;cabecalho_curtidas_comentarios=24/1;;000-Arquivos-originais/Dados para mega-relatório pós Sudoexpo/Redes sociais/instagram_acirvoficial_insights_setembro_2026.xlsx;993eb1eaab95589148903864c883937571951848;parcial_setembro_com_quebra_de_schema
2026-09-01_a_2026-09-14;2026-09-02;18:49:32;DczPZVhRCmy;3977590607689558450;reel;colaboracao;forum_de_rh;nao;https://www.instagram.com/insights/media/3977590607689558450/;3326;2264;;;;;;1;18;0;54;41%;;;;;;59%;2.04;atividade_do_perfil, novos_seguidores;"cabecalho_traz_comentarios=1; rotulo_sem_valor_numerico:novos_seguidores=33.3%; rotulo_sem_valor_numerico:atividade_do_perfil=--";000-Arquivos-originais/Dados para mega-relatório pós Sudoexpo/Redes sociais/instagram_acirvoficial_insights_setembro_2026.xlsx;993eb1eaab95589148903864c883937571951848;parcial_setembro_com_quebra_de_schema
2026-09-01_a_2026-09-14;2026-09-02;09:58:01;DcySkdsPcLQ;3977323091540689616;reel;colaboracao;raphael_valongo;nao;https://www.instagram.com/insights/media/3977323091540689616/;394;291;;;;;;0;0;0;23;82%;;;;;;18%;5.84;atividade_do_perfil, novos_seguidores;"cabecalho_traz_comentarios=0; rotulo_sem_valor_numerico:novos_seguidores=0%; rotulo_sem_valor_numerico:atividade_do_perfil=--";000-Arquivos-originais/Dados para mega-relatório pós Sudoexpo/Redes sociais/instagram_acirvoficial_insights_setembro_2026.xlsx;993eb1eaab95589148903864c883937571951848;parcial_setembro_com_quebra_de_schema
2026-09-01_a_2026-09-14;2026-09-01;11:07:49;Dcv1w1jvZT2;3976633448499352822;reel;colaboracao;raphael_valongo;nao;https://www.instagram.com/insights/media/3976633448499352822/;763;530;;;;;;3;1;0;25;70%;;;;;;30%;3.8;atividade_do_perfil, novos_seguidores;"cabecalho_traz_comentarios=3; rotulo_sem_valor_numerico:novos_seguidores=12%; rotulo_sem_valor_numerico:atividade_do_perfil=--";000-Arquivos-originais/Dados para mega-relatório pós Sudoexpo/Redes sociais/instagram_acirvoficial_insights_setembro_2026.xlsx;993eb1eaab95589148903864c883937571951848;parcial_setembro_com_quebra_de_schema
2026-09-01_a_2026-09-14;2026-09-01;08:19:34;DcvigiDmx09;3976548765163789629;p;proprio;nao;nao_informado;https://www.instagram.com/insights/media/3976548765163789629/;16473;7214;;;755;;;13;327;30;504;12;12;70;52;6;46.7%;53.3%;4.58;cabecalho_curtidas_comentarios=369/13;;000-Arquivos-originais/Dados para mega-relatório pós Sudoexpo/Redes sociais/instagram_acirvoficial_insights_setembro_2026.xlsx;993eb1eaab95589148903864c883937571951848;parcial_setembro_com_quebra_de_schema
