periodo_fonte;data_publicacao;hora_publicacao;shortcode;media_id;tipo_midia;vinculo;promovido;legenda;legenda_chars;legenda_hashtags;legenda_mencoes;legenda_tem_link;coletado_em;fonte;status_validacao
2026-09;2026-09-01;08:19:34;DcvigiDmx09;3976548765163789629;p;proprio;nao_informado;"A Sudoexpo 2026 preparou uma programação para todos os públicos! 🚀

Serão quatro dias de negócios, conhecimento, inovação, cultura, entretenimento e grandes experiências.

Palestras, workshops, atrações culturais, festivais, exposições e muito mais fazem parte da programação da maior feira multissetorial do Centro-Oeste.

👉 Deslize para o lado e confira tudo o que estamos preparando para você!

📅 09 a 12 de setembro de 2026
📍 Rio Verde – GO

Programe-se e venha viver a Sudoexpo 2026 com a gente!";500;;;nao;2026-10-02T19:43:49-03:00;api:/api/v1/media/<media_id>/info/ (x-ig-app-id);completo_2026-09_legenda_api
2026-09;2026-09-01;11:07:49;Dcv1w1jvZT2;3976633448499352822;reel;colaboracao;nao_informado;10/18 - Quanto custa a Sudoexpo?;32;;;nao;2026-10-02T19:43:49-03:00;api:/api/v1/media/<media_id>/info/ (x-ig-app-id);completo_2026-09_legenda_api
2026-09;2026-09-02;09:58:01;DcySkdsPcLQ;3977323091540689616;reel;colaboracao;nao_informado;11/18 - Nosso muito obrigado a cada colaborador, cada fornecedor, cada pessoa envolvida na montagem da @sudoexpo.oficial;120;;sudoexpo.oficial;nao;2026-10-02T19:43:49-03:00;api:/api/v1/media/<media_id>/info/ (x-ig-app-id);completo_2026-09_legenda_api
2026-09;2026-09-02;18:49:32;DczPZVhRCmy;3977590607689558450;reel;colaboracao;nao_informado;"✨ Elas já confirmaram presença na @sudoexpo.oficial … e você, vai ficar de fora?

Duas mulheres incríveis, muita troca e uma energia que promete impulsionar esse dia! 🚀

Elas estarão com a gente para compartilhar, inspirar e, principalmente, transferir um pouco de conhecimento para que os RH’s se posicionem no lugar onde devem estar, na ESTRATÉGIA do negócio. 💜

📍 Nos vemos lá!
🎟️ Inscreva-se pelo link que está disponível na bio e garanta sua participação.

Realização: Fórum de RH e ACIRV 
Apoio: Grupo SALUS 

#rh #rhestratégico #bp #recursoshumanos #sudoexpo2026";569;rh|rhestratégico|bp|recursoshumanos|sudoexpo2026;sudoexpo.oficial;nao;2026-10-02T19:43:49-03:00;api:/api/v1/media/<media_id>/info/ (x-ig-app-id);completo_2026-09_legenda_api
2026-09;2026-09-02;21:20:35;Dczgro-tPe6;3977666632325855162;p;proprio;nao_informado;"O Fórum de IA é um encontro de capacitação promovido pela ACIRV na Sudoexpo 2026
para apresentar tendências, novas ferramentas tecnológicas e o impacto da
inteligência artificial no ambiente de negócios.

As inscrições estão abertas e são gratuitas.

📅 Data: 11 de setembro
🕒 Horário: 13h30
📍 Local: Teatro Lauro Martins, Rio Verde

Inscrições pelo link na bio.

Participe para ampliar repertório sobre tecnologia e preparar sua empresa para o
futuro.";451;;;nao;2026-10-02T19:43:49-03:00;api:/api/v1/media/<media_id>/info/ (x-ig-app-id);completo_2026-09_legenda_api
2026-09;2026-09-03;08:53:28;Dc0v-ghAAmZ;3978015374581959065;p;colaboracao;nao_informado;"📚 Estarei na SUDOEXPO 2026!

No dia 10 de setembro, às 14h, participarei da Exposição de Livros, um encontro dedicado à literatura, à cultura e à troca de experiências entre autores e leitores.

📍 Estacionamento do Teatro Lauro Martins, em Rio Verde - GO
📖 SUDOEXPO 2026

Será uma alegria encontrar vocês por lá!";312;;;nao;2026-10-02T19:43:49-03:00;api:/api/v1/media/<media_id>/info/ (x-ig-app-id);completo_2026-09_legenda_api
2026-09;2026-09-03;11:26:37;Dc1BgNyP3K0;3978092457723130548;reel;colaboracao;nao_informado;12/18 - Aqui tudo vira negocio;30;;;nao;2026-10-02T19:43:49-03:00;api:/api/v1/media/<media_id>/info/ (x-ig-app-id);completo_2026-09_legenda_api
2026-09;2026-09-03;14:20:30;Dc1VZw2GxF2;3978179975262703990;p;proprio;nao_informado;"Pela primeira vez a SudoExpo traz para todos os amantes da leitura a EXPOSIÇÃO DE LIVROS.
Dia 10/09, às 14h.";108;;;nao;2026-10-02T19:43:49-03:00;api:/api/v1/media/<media_id>/info/ (x-ig-app-id);completo_2026-09_legenda_api
2026-09;2026-09-03;14:50:55;Dc1Y4iXRR9X;3978195284156292951;p;colaboracao;nao_informado;"🚨 DEBATE AO VIVO NA SUDOEXPO! 🚨

O futuro de Goiás passa por Rio Verde! No dia 12 de setembro, a @tvsucessoband @codervrioverde e a @acirvoficial realizam o debate com os candidatos ao Governo de Goiás, direto do Teatro Unirv Lauro Martins, na Sudoexpo 2026.

As propostas para infraestrutura, agronegócio, saúde e o desenvolvimento da nossa região em pauta nacional!

📅 Data: 12 de setembro
⏰ Horário: A partir das 10h30
📺 Onde assistir: Na tela da TV Sucesso Band e ao vivo pelo site GS10.com.br

Marque nos comentários quem precisa acompanhar esse momento decisivo! 👇

#Sudoexpo2026 #TVSucessoBand #RioVerde #Eleicoes2026 #Goias DebateBand";642;Sudoexpo2026|TVSucessoBand|RioVerde|Eleicoes2026|Goias;tvsucessoband|codervrioverde|acirvoficial;nao;2026-10-02T19:43:49-03:00;api:/api/v1/media/<media_id>/info/ (x-ig-app-id);completo_2026-09_legenda_api
2026-09;2026-09-03;15:40:54;Dc1emstG-Bq;3978220446588592234;p;proprio;nao_informado;"O registro marca a entrega do convite oficial à TV Sucesso, representada por Ester e Gilson, que chega como patrocinadora master desta edição da #SudoExpo.

Esta edição da feira ganha ainda mais força com o apoio dessa grande emissora, ter ela conosco dá visibilidade e aumenta o impacto positivo da SudoExpo. Agradecemos a confiança.

Aqui tudo vira negócio.";359;SudoExpo;;nao;2026-10-02T19:43:49-03:00;api:/api/v1/media/<media_id>/info/ (x-ig-app-id);completo_2026-09_legenda_api
2026-09;2026-09-03;16:04:07;Dc1hQqGAeAK;3978232126096138250;p;colaboracao;nao_informado;"Esse ano sou um dos autores convidados para expor meus livros na Sudoexpo. Pela primeira vez, os escritores passam a ganhar o protagonismo que merecem. 

Isso é muito mais do que uma exposição de livros.
É reconhecer que uma cidade também se constrói pelas histórias que escreve, pelas ideias que compartilha e pelas vozes que decide ouvir.
Valorizar nossos escritores é valorizar a nossa própria identidade, dando visibilidade a quem transforma experiências em palavras, sentimentos em páginas e vivências em histórias e livros que podem atravessar gerações. Portanto, este é um momento histórico para a literatura local.
Parabéns @sudoexpo.oficial - @acirvoficial - @josiane.oarantes pela iniciativa. 

Dia 10/09 à partir das 14h no Estacionamento do Teatro Lauro Martins. 

.
.
.
.
#sudoexpo2026 #literaturabrasileira #escritor";830;sudoexpo2026|literaturabrasileira|escritor;sudoexpo.oficial|acirvoficial|josiane.oarantes;nao;2026-10-02T19:43:49-03:00;api:/api/v1/media/<media_id>/info/ (x-ig-app-id);completo_2026-09_legenda_api
2026-09;2026-09-03;16:31:07;Dc1kWfYm75I;3978245721053445704;p;proprio;nao_informado;"O registro marca a entrega do convite oficial ao diretor do Sebrae Goiás, Marcelo Lessa, para esta edição da #SudoExpo.

Mais do que um convite, este é um agradecimento. A parceria com a instituição garante um espaço exclusivo na feira para que pequenos negócios tenham a oportunidade de expor e crescer. Agradecemos o apoio fundamental aos empreendedores.

Trabalhar ao lado do Sebrae Goiás fortalece a atuação da #SudoExpo ao gerar novas oportunidades para o #Empreendedor de #RioVerde.

Aqui tudo vira negócio.";513;SudoExpo|SudoExpo|Empreendedor|RioVerde;;nao;2026-10-02T19:43:49-03:00;api:/api/v1/media/<media_id>/info/ (x-ig-app-id);completo_2026-09_legenda_api
2026-09;2026-09-03;16:42:45;Dc1lrmhyNpw;3978251569879112304;reel;colaboracao;nao_informado;Touro da OPORTUNIDADE? Você vai perder? SUDOEXPO 2026. Muitas atrações. Entrada Gratuita. Informações no @sudoexpo.oficial;122;;sudoexpo.oficial;nao;2026-10-02T19:43:49-03:00;api:/api/v1/media/<media_id>/info/ (x-ig-app-id);completo_2026-09_legenda_api
2026-09;2026-09-03;16:51:59;Dc1mvTHmz4l;3978256221963238949;p;proprio;nao_informado;"O registro marca a entrega do convite oficial ao presidente da Facieg, Leopoldo, para prestigiar esta edição da #SudoExpo.

O ambiente de negócios se torna mais forte quando conta com uma representatividade sólida. Ter a federação conosco engrandece a feira e confirma a força da união do setor produtivo goiano. Agradecemos a receptividade.

Aqui tudo vira negócio.";366;SudoExpo;;nao;2026-10-02T19:43:49-03:00;api:/api/v1/media/<media_id>/info/ (x-ig-app-id);completo_2026-09_legenda_api
2026-09;2026-09-03;16:52:37;Dc1mz9Km1eJ;3978256541988640649;p;proprio;nao_informado;"O registro marca a entrega do convite oficial ao vice-presidente da Goinfra, Alexandro, para prestigiar esta edição da #SudoExpo. Ter representantes do setor público conosco fortalece o evento e amplia a capacidade da feira de gerar resultados para Rio Verde, Goiânia e além. Agradecemos a receptividade.

Aqui tudo vira negócio.";329;SudoExpo;;nao;2026-10-02T19:43:49-03:00;api:/api/v1/media/<media_id>/info/ (x-ig-app-id);completo_2026-09_legenda_api
2026-09;2026-09-04;06:02:10;Dc3BKykC_Tu;3978653935338255598;reel;colaboracao;nao_informado;"No dia 12 de setembro, a TV Sucesso Band realiza o 2º Debate com os candidatos ao Governo de Goiás, diretamente de Rio Verde, no Sudoeste Goiano.

Com mediação do jornalista Rômulo César, o debate vai colocar em discussão propostas e ideias para o futuro de Goiás, abordando temas como saúde, educação, tecnologia, desenvolvimento econômico e meio ambiente.

Um encontro para o eleitor conhecer melhor as propostas e acompanhar de perto o debate sobre os caminhos do estado.

#BandEleições #Eleições2026 #TVSucessoBand #RioVerde #Goiás";535;BandEleições|Eleições2026|TVSucessoBand|RioVerde|Goiás;;nao;2026-10-02T19:43:49-03:00;api:/api/v1/media/<media_id>/info/ (x-ig-app-id);completo_2026-09_legenda_api
2026-09;2026-09-04;09:51:04;Dc3bXQMAa7y;3978769140990193394;p;proprio;nao_informado;"Grandes nomes, grandes ideias e uma conversa que promete gerar muitas conexões! 🚀

No dia 10/09, a Sudoexpo recebe Cláudio Teoro, Francielle Martins e Vinicius Kerley para uma Mesa Redonda especial.

Um encontro para compartilhar experiências, perspectivas e conhecimentos sobre os desafios e as oportunidades do mercado.

📅 10 de setembro
⏰ Das 9h30 às 11h
📍 Sudoexpo 2026

Programe-se e venha participar dessa conversa!";421;;;nao;2026-10-02T19:43:49-03:00;api:/api/v1/media/<media_id>/info/ (x-ig-app-id);completo_2026-09_legenda_api
2026-09;2026-09-04;11:46:51;Dc3onWLu4B0;3978827421544317044;p;proprio;nao_informado;"Coragem para continuar. E inspiração para recomeçar. 💜

A Sudoexpo 2026 recebe Letícia Goulart para uma palestra sobre os desafios, as escolhas e os recomeços que fazem parte de uma trajetória empreendedora.

Uma conversa para quem empreende, enfrenta desafios e sabe que cada novo passo também é uma oportunidade de transformar a própria história.

📅 11 de setembro
⏰ 17h30
📍 Sudoexpo 2026 | Rio Verde – GO

Programe-se e venha se inspirar nessa história!";456;;;nao;2026-10-02T19:43:49-03:00;api:/api/v1/media/<media_id>/info/ (x-ig-app-id);completo_2026-09_legenda_api
2026-09;2026-09-04;12:16:13;Dc3r-ZXP03B;3978842199646227905;reel;colaboracao;nao_informado;12+1/18 - Aos meus amigos organizadores deste grande evento.;60;;;nao;2026-10-02T19:43:49-03:00;api:/api/v1/media/<media_id>/info/ (x-ig-app-id);completo_2026-09_legenda_api
2026-09;2026-09-04;14:37:33;Dc38Jj4xAVM;3978913335604413772;reel;colaboracao;nao_informado;"✨ Duas convidadas incríveis já confirmaram presença na @sudoexpo.oficial . E você, vai ficar de fora?

Um encontro pensado para gerar conexões, conhecimento e novas perspectivas para o RH estratégico. 🚀

Elas estarão com a gente para compartilhar experiências, inspirar e trazer insights que podem transformar a forma como enxergamos o papel do RH dentro das organizações. 💜

Porque RH estratégico é aquele que entende pessoas, mas também entende o negócio. 🎯

📍 Nos encontramos lá!
🎟️ Garanta sua participação pelo link disponível na bio.

Realização: Fórum de RH e ACIRV
Apoio: Grupo SALUS

#rh #rhestratégico #recursoshumanos #gestãodepessoas #sudoexpo2026";659;rh|rhestratégico|recursoshumanos|gestãodepessoas|sudoexpo2026;sudoexpo.oficial;nao;2026-10-02T19:43:49-03:00;api:/api/v1/media/<media_id>/info/ (x-ig-app-id);completo_2026-09_legenda_api
2026-09;2026-09-04;19:14:20;Dc4b0uqG1QH;3979052641548981255;p;proprio;nao_informado;"🏛️ Sua empresa está preparada para vender para o poder público?

A Prefeitura de Rio Verde, por meio da Sala do Empreendedor, em parceria com o Sebrae, realiza a *palestra Como Vender para Órgãos Públicos?*, uma oportunidade para empreendedores conhecerem melhor o mercado de compras públicas e descobrirem como preparar sua empresa para conquistar novos negócios.

🚀 Durante a palestra, você vai entender como funciona esse mercado, identificar oportunidades e conhecer os caminhos para começar a vender para órgãos públicos.

📅 10/09/2026 – Quinta-feira
🕒 7:30 horas
📍 Hub Goiás – Rio Verde/GO

🔗 Inscreva-se pelo link na bio.

📲 Informações e inscrições pelo WhatsApp: (64) 3602-8000";686;;;nao;2026-10-02T19:43:49-03:00;api:/api/v1/media/<media_id>/info/ (x-ig-app-id);completo_2026-09_legenda_api
2026-09;2026-09-04;20:17:05;Dc4jAUhG6O3;3979084224440017847;p;proprio;nao_informado;"A mesa-redonda do 2º Fórum de Inteligência Artificial da #ACIRV reúne nomes de peso para um debate sobre o futuro e o impacto da IA no mercado e no mundo.

O encontro faz parte da programação da #SudoExpo e traz diferentes setores da economia para debater o uso de novas ferramentas, dados e automação no ambiente de negócios.

As inscrições estão disponíveis pelo link na bio e são gratuitas.

📅 Data: 11 de setembro 
🕒 Horário: 13h30 
📍 Local: Teatro Lauro Martins, em #RioVerde 

Participe para acompanhar debates sobre #Inovacao e #ConectarParaCrescer com a ACIRV.

Aqui, ninguém cresce isolado. A gente cresce conectado.";625;ACIRV|SudoExpo|RioVerde|Inovacao|ConectarParaCrescer;;nao;2026-10-02T19:43:49-03:00;api:/api/v1/media/<media_id>/info/ (x-ig-app-id);completo_2026-09_legenda_api
2026-09;2026-09-05;11:40:41;Dc6Ms-bvK-T;3979549087987707795;reel;colaboracao;nao_informado;14/18 - Os bastidores da montagem;33;;;nao;2026-10-02T19:43:49-03:00;api:/api/v1/media/<media_id>/info/ (x-ig-app-id);completo_2026-09_legenda_api
2026-09;2026-09-05;12:21:18;Dc6RWcvjngh;3979569530217068577;p;proprio;nao_informado;"O presidente da #ACIRV, José Carlos Cintra, esteve presente para prestigiar a inauguração da nova loja da @eletromarrv em #RioVerde. 

Parabenizamos nosso associado @marquim_eletromar por essa conquista, que fortalece o #ComercioLocal e o #Empreendedorismo da nossa cidade.

É uma satisfação para a ACIRV acompanhar esse avanço e estar presente para #ConectarParaCrescer com a Eletromar.

Aqui, ninguém cresce isolado. A gente cresce conectado.";444;ACIRV|RioVerde|ComercioLocal|Empreendedorismo|ConectarParaCrescer;eletromarrv|marquim_eletromar;nao;2026-10-02T19:43:49-03:00;api:/api/v1/media/<media_id>/info/ (x-ig-app-id);completo_2026-09_legenda_api
2026-09;2026-09-06;13:19:55;Dc882sqOh4s;3980323812284177964;reel;colaboracao;nao_informado;"🚀 Estamos a todo vapor nos preparativos para a Sudoexpo 2026!

De 9 a 12 de setembro, Rio Verde será palco de uma das grandes feiras da região! 🔥

E, é claro, a Aplauso Audiovisual estará presente com uma superestrutura e um estande preparado especialmente para receber você. 💛🖤

🎥 Painéis de LED
🔊 Som
💡 Iluminação
🛠️ Estrutura e equipe técnica

Tudo sendo preparado nos mínimos detalhes para fazer parte dessa grande experiência.

👀 Confira um pouco de como estão os preparativos e venha viver a Sudoexpo 2026 com a gente!

#Sudoexpo2026 #AplausoAudiovisual #RioVerde #Eventos #Audiovisual PainelDeLED Som Iluminação Sudoexpo";627;Sudoexpo2026|AplausoAudiovisual|RioVerde|Eventos|Audiovisual;;nao;2026-10-02T19:43:49-03:00;api:/api/v1/media/<media_id>/info/ (x-ig-app-id);completo_2026-09_legenda_api
2026-09;2026-09-07;16:02:32;Dc_0Qpzv_EK;3981130438440644874;reel;colaboracao;nao_informado;"Tv Sucesso 2026
SUDOEXPO começa na próxima quarta-feira 9 uma das principais feiras do Centro Oeste 
#TVSucesso #BandCidade #rioverde #goias";140;TVSucesso|BandCidade|rioverde|goias;;nao;2026-10-02T19:43:49-03:00;api:/api/v1/media/<media_id>/info/ (x-ig-app-id);completo_2026-09_legenda_api
2026-09;2026-09-07;16:29:33;Dc_3WgKgiL2;3981144034541445878;reel;proprio;sim;"Na Sudoexpo, a ACIRV quer conectar mais do que empresas. Quer conectar oportunidades. 

Nosso estande será um ponto de encontro para quem empreende, com troca de experiências, novas conexões e uma dinâmica especial: o Mapa de Conexões, criado para aproximar quem tem algo a oferecer de quem está procurando exatamente aquilo.

📍 De 9 a 12 de setembro, passe pelo estande da ACIRV, participe e coloque o seu negócio nessa rede.

Aqui, ninguém cresce isolado. A gente cresce conectado.";483;;;nao;2026-10-02T19:43:49-03:00;api:/api/v1/media/<media_id>/info/ (x-ig-app-id);completo_2026-09_legenda_api
2026-09;2026-09-07;17:38:05;Dc__Me5v2ff;3981178530363828191;reel;colaboracao;nao_informado;"Será um prazer te encontrar na SUDOEXPO 2026!

#gruposalus #forumderh #acirvoficial";83;gruposalus|forumderh|acirvoficial;;nao;2026-10-02T19:43:49-03:00;api:/api/v1/media/<media_id>/info/ (x-ig-app-id);completo_2026-09_legenda_api
2026-09;2026-09-08;06:03:01;DdBUceIG8ZI;3981553462996092488;p;proprio;nao_informado;"Neste carrossel, reunimos 5 motivos para você visitar a Casa do Empreendedor na #SudoExpo, e descobrir como a #ACIRV encurta distâncias entre a sua empresa e as grandes oportunidades disponíveis na feira.

Visite o estande da Acirv na Sudoexpo e conecte-se! 

Aqui, ninguém cresce isolado. A gente cresce conectado.";315;SudoExpo|ACIRV;;nao;2026-10-02T19:43:49-03:00;api:/api/v1/media/<media_id>/info/ (x-ig-app-id);completo_2026-09_legenda_api
2026-09;2026-09-08;08:00:23;DdBh4HAGzy2;3981612536915770550;p;proprio;nao_informado;"O 2º Fórum de Inteligência Artificial da #ACIRV reúne André Maluf, Rauhe Abdulhamid e Dr. Alsones Balestrin para debater análise de dados, soluções tecnológicas e condução de decisões no ambiente empresarial.

Integrada à programação da #SudoExpo, a capacitação apresenta caminhos para empresas de diferentes portes adotarem inovação com clareza e foco em desenvolvimento.

📅 Data: 11 de setembro 
🕒 Horário: 13h30 
📍 Local: Teatro Lauro Martins, em #RioVerde 

As inscrições são gratuitas e estão disponíveis pelo link na bio.

Participe para ampliar repertório sobre #InteligenciaArtificial e #ConectarParaCrescer com a ACIRV.

Aqui, ninguém cresce isolado. A gente cresce conectado.";685;ACIRV|SudoExpo|RioVerde|InteligenciaArtificial|ConectarParaCrescer;;nao;2026-10-02T19:43:49-03:00;api:/api/v1/media/<media_id>/info/ (x-ig-app-id);completo_2026-09_legenda_api
2026-09;2026-09-08;08:11:02;DdBjGEym9yG;3981617894661020806;p;proprio;nao_informado;"🚀 FÓRUM DE INOVAÇÃO – SUDOEXPO 2026
_Os impactos de uma Cidade Inteligente para a Indústria e o Comércio_

🔗 INSCREVA-SE:
https://www.sympla.com.br/evento/sudoexpo-2026-capacitacoes/3549183

📅 10 de setembro de 2026 - Quinta-feira | 08h da manhã
📍 Sala de Eventos do Teatro Lauro Martins – Rio Verde/GO

📢 O INOVA RIO VERDE – Ecossistema Local de Inovação convida você para um evento gratuito que reunirá grandes nomes da inovação, tecnologia, indústria, comércio, universidades e poder público para discutir o futuro dos negócios e das cidades.

🎯 DESTAQUES DA PROGRAMAÇÃO:

💼 O Futuro dos Negócios: Inovação, Reforma Tributária e Competitividade
Lorena Carvalho – Inova Rio Verde
Everton Moraes – HBM Contabilidade

💰 Captação de recursos para desenvolvimento de produtos e aperfeiçoamento de processos
Gustavo Castoldi – EMBRAPII
Tays Almeida – SENAI

🎓 Projetos de Inovação desenvolvidos pela UniRV – Universidade de Rio Verde
Daniela Cabral de Oliveira – UniRV

🤖 Apresentação do AI Festival
Stefani – HUB Goiás Rio Verde

PAINEL - CIDADES INTELIGENTES:
Os impactos de uma Cidade Inteligente para a Indústria e o Comércio

Convidados:
Kermme Rebouças – SETIA | Coordenador do PLAMUS
Celene Cunha Monteiro Antunes Barreira – UFG
Valdemar Vicente Graciano Neto – UFG
Paola Monteiro – UFG

Mediação: Haihani Passos – Inova Rio Verde

🏛️ O painel contará com a participação da Prefeitura de Rio Verde – SETIA, UFG – Universidade Federal de Goiás e do Programa Cidades Inteligentes.

Conhecimento • Inovação • Tecnologia • Negócios • Networking

🎟️ Garanta sua vaga! É GRATUITO!

INOVA RIO VERDE – Ecossistema Local de Inovação";1627;;;sim;2026-10-02T19:43:49-03:00;api:/api/v1/media/<media_id>/info/ (x-ig-app-id);completo_2026-09_legenda_api
2026-09;2026-09-08;10:01:27;DdBvu4bmxMN;3981673475446870797;p;proprio;nao_informado;"Amanhã, 9 de setembro, as portas da Casa do Empreendedor se abrem na Sudoexpo. 

Esperamos a sua visita no estande da ACIRV!";124;;;nao;2026-10-02T19:43:49-03:00;api:/api/v1/media/<media_id>/info/ (x-ig-app-id);completo_2026-09_legenda_api
2026-09;2026-09-08;10:37:56;DdBz6CURtK1;3981691834161615541;p;proprio;nao_informado;"QUER CONCORRER A UM PATINETE ELÉTRICO?

A Sudoexpo 2026 vai sortear esse patinete elétrico entre os participantes da ação! 🛴✨

Para participar, é fácil:

1. Curta este post
2. Siga os perfis @sudoexpo.oficial e @acirvoficial
3. Comente neste post marcando 3 amigos
4. Visite a Sudoexpo 2026 e publique uma foto no seu feed durante a feira, marcando @sudoexpo.oficial

📸 Importante: a foto precisa ser publicada no feed durante o período da Sudoexpo para validar a participação.

📅 Sudoexpo 2026: 9 a 12 de setembro
📍 Estacionamento do Teatro Lauro Martins | Rio Verde – GO

Boa sorte! 🍀";586;;sudoexpo.oficial|acirvoficial|sudoexpo.oficial;nao;2026-10-02T19:43:49-03:00;api:/api/v1/media/<media_id>/info/ (x-ig-app-id);completo_2026-09_legenda_api
2026-09;2026-09-08;14:03:15;DdCLZybG5H0;3981795171189363188;p;proprio;nao_informado;"A SudoExpo reunirá empresas e lideranças para gerar negócios, ampliar parcerias e movimentar o mercado regional. A presença da #ACIRV na #SudoExpo irá focar em abrir novos caminhos para que os empreendedores visitantes da feira possam colocar em prática o lema #ConectarParaCrescer.

Visite o estande da ACIRV na SudoExpo.

Aqui, ninguém cresce isolado. A gente cresce conectado.";379;ACIRV|SudoExpo|ConectarParaCrescer;;nao;2026-10-02T19:43:49-03:00;api:/api/v1/media/<media_id>/info/ (x-ig-app-id);completo_2026-09_legenda_api
2026-09;2026-09-08;14:28:54;DdCOVv_C4E0;3981808087832690996;reel;colaboracao;nao_informado;"Neste sábado (12), a partir das 10h30, a TV Sucesso Band promove o 2º debate com os candidatos ao Governo de Goiás, ao vivo, direto do Teatro UNIRV Lauro Martins, em Rio Verde.

Acompanhe pelos canais 17.1 em Goiânia e Região, 6.1 e 7.1 no interior, pelo gs10.com.br, pela Rede Sucesso de Rádio e pela Rádio Morada do Sol FM.

Informação para ajudar você a decidir o seu voto. Olho no voto, olho na Band!

#BandEleições #Eleições2026 #TVSucessoBand #RioVerde #Goiás";465;BandEleições|Eleições2026|TVSucessoBand|RioVerde|Goiás;;nao;2026-10-02T19:43:49-03:00;api:/api/v1/media/<media_id>/info/ (x-ig-app-id);completo_2026-09_legenda_api
2026-09;2026-09-08;20:40:18;DdC416etoOC;3981995016078132098;reel;colaboracao;nao_informado;"Tv Sucesso 2026
SUDOEXPO começa na próxima quarta-feira 
#TVSucesso #BandCidade #rioverde #goias";96;TVSucesso|BandCidade|rioverde|goias;;nao;2026-10-02T19:43:49-03:00;api:/api/v1/media/<media_id>/info/ (x-ig-app-id);completo_2026-09_legenda_api
2026-09;2026-09-09;06:00:34;DdD49Zym7Mn;3982277005710963495;p;proprio;nao_informado;"O 2º Fórum de IA da #ACIRV reúne especialistas para mostrar como a Inteligência Artificial e a análise de dados qualificam as decisões das empresas e impulsionam o empreendedorismo.

Confira os palestrantes confirmados:

- André Maluf: Como negócios de qualquer tamanho estão usando IA para crescer.
- Rauhe Abdulhamid: A IA não vai salvar sua empresa, a decisão com dados, sim.
- Dr. Alsones Balestrin: A revolução da Inteligência Artificial, sua empresa é protagonista ou espectadora?

📅 Data: 11 de setembro 
📍 Local: Sudoexpo 

Aqui, ninguém cresce isolado. A gente cresce conectado.";587;ACIRV;;nao;2026-10-02T19:43:49-03:00;api:/api/v1/media/<media_id>/info/ (x-ig-app-id);completo_2026-09_legenda_api
2026-09;2026-09-09;09:09:57;DdEOoeIA-Sy;3982372324279313586;p;colaboracao;nao_informado;"E se a sua história virasse um legado?

Você já parou para pensar em quanto conhecimento existe na sua trajetória?

Tudo o que você viveu, aprendeu e conquistou pode ir muito além da sua memória. Pode se transformar em um livro e um livro pode transformar experiência em autoridade, posicionamento e legado.

Por isso, a Kyras Editora preparou essa oportunidade especial na SudoExpo 2026:

O GANHADOR VAI TER SEU LIVRO PRODUZIDO COMPLETAMENTE!

Está incluso:
• Produção completa e acompanhamento editorial;
• Escrita conjunta;
• Revisão ortográfica;
• Diagramação profissional;
• Criação e confecção da capa;
• Catalogação;
• Impressão de 50 exemplares.

E tem mais: se você não ganhar, ainda recebe 20% de desconto para transformar sua história e seu conhecimento em um livro. 

COMO PARTICIPAR:

1️⃣ Curta este post.
2️⃣ Siga:
@jessicaasantosoficial 
@sudoexpo.oficial 
@forum_de_rh 
@acirvoficial 
3️⃣ Comente marcando um amigo.
💬 Quanto mais comentários, mais chances de ganhar!

📅 O sorteio será dia 10 de setembro, às 15h, durante a Exposição Literária da SudoExpo, em uma live no Instagram @jessicaasantosoficial.

Você viveu a história.
Você conquistou o conhecimento.
Agora, pode transformar tudo isso em um legado.

Uma história real merece ser lembrada.

#sudoexpo2026 #legado";1287;sudoexpo2026|legado;jessicaasantosoficial|sudoexpo.oficial|forum_de_rh|acirvoficial|jessicaasantosoficial.;nao;2026-10-02T19:43:49-03:00;api:/api/v1/media/<media_id>/info/ (x-ig-app-id);completo_2026-09_legenda_api
2026-09;2026-09-09;10:15:02;DdEWFKxmy3s;3982405082692660716;p;proprio;nao_informado;"A Casa do Empreendedor na #Sudoexpo reúne o trabalho que a #ACIRV desenvolve durante todo o ano em #RioVerde. 

Passe pelo nosso estande para conhecer essa estrutura, fortalecer o #Associativismo e #ConectarParaCrescer com a gente.

Aqui, ninguém cresce isolado. A gente cresce conectado.";288;Sudoexpo|ACIRV|RioVerde|Associativismo|ConectarParaCrescer;;nao;2026-10-02T19:43:49-03:00;api:/api/v1/media/<media_id>/info/ (x-ig-app-id);completo_2026-09_legenda_api
2026-09;2026-09-09;10:37:32;DdEYqAjlLOl;3982416410433598373;reel;colaboracao;nao_informado;"🚀 Sudoexpo 2026 começa hoje em Rio Verde!

A 18ª edição da feira reúne cerca de 150 empresas em 180 estandes, com expectativa de receber mais de 40 mil visitantes e movimentar aproximadamente R$ 100 milhões em negócios.

O evento também conta com espaço exclusivo para o agronegócio, programação sobre inovação, inteligência artificial, tecnologia, gestão e diversas atrações culturais.

📍 Rio Verde — GO
📅 De 9 a 12 de setembro

#Sudoespo2026 #RioVerde #Negócios #Agronegócio #Inovação #Tecnologia #Goiás #PN7EmPauta #PortalPanorama";533;Sudoespo2026|RioVerde|Negócios|Agronegócio|Inovação|Tecnologia|Goiás|PN7EmPauta|PortalPanorama;;nao;2026-10-02T19:43:49-03:00;api:/api/v1/media/<media_id>/info/ (x-ig-app-id);completo_2026-09_legenda_api
2026-09;2026-09-09;11:59:52;DdEiFACRYd2;3982457847719233398;p;proprio;nao_informado;"🚨 É HOJE! 🚨

A contagem regressiva acabou e a SUDOEXPO 2026 está oficialmente começando! ✨

De 9 a 12 de setembro, Rio Verde recebe a 2ª maior feira multissetorial do Brasil, reunindo negócios, inovação, conhecimento, cultura e grandes oportunidades em um só lugar. 🚀

E a programação está apenas começando! São dias para conectar pessoas, fortalecer empresas, gerar negócios e viver experiências que fazem história.

📍 SUDOEXPO 2026
📅 9 a 12 de setembro

Você está na 2ª maior feira multissetorial do Brasil. Você está na SUDOEXPO! 💜💛

#SUDOEXPO2026 #SUDOEXPO #RioVerde #FeiraMultissetorial #Negócios Inovação ConexõesQueGeramNegócios ACIRV";641;SUDOEXPO2026|SUDOEXPO|RioVerde|FeiraMultissetorial|Negócios;;nao;2026-10-02T19:43:49-03:00;api:/api/v1/media/<media_id>/info/ (x-ig-app-id);completo_2026-09_legenda_api
2026-09;2026-09-09;12:38:56;DdEmjK1EYQr;3982477513079227435;p;colaboracao;nao_informado;"💡É HOJE! VEM VIVER A INOVAÇÃO NA SUDOEXPO 2026!

De 9 a 12 de setembro, Rio Verde recebe um grande encontro de negócios, inovação, tecnologia, conexões e  empreendedorismo.

E já no primeiro dia, a programação está especial! 👇

🎙️ Podcast Mulheres Empreendedoras
Hoje, das 17h às 22h30, no Balcão de Exposição, com Crislaine Neves e Maristela Carvalho, trazendo histórias, experiências, inspiração e novas oportunidades.

🤖 Tecnologia e Indústria 4.0
O SENAI Rio Verde também marca presença com equipamentos de eficiência energética e soluções tecnológicas para a indústria.

💡 O INOVA Rio Verde e a AJE Rio Verde também estarão presentes, fortalecendo o empreendedorismo e o ecossistema local de inovação.

📍 Local: Estacionamento do Teatro Lauro Martins – UniRV
🗓️ Data: 9 a 12 de setembro

✨ Vem participar da SUDOEXPO 2026!
Traga sua curiosidade, faça conexões, conheça novas ideias e aproveite tudo o que esse evento tem para oferecer.

SUDOEXPO 2026 — negócios, inovação, pessoas e futuro! 

#inovação #futuro #sudoexpo #conexão #tecnologia";1046;inovação|futuro|sudoexpo|conexão|tecnologia;;nao;2026-10-02T19:43:49-03:00;api:/api/v1/media/<media_id>/info/ (x-ig-app-id);completo_2026-09_legenda_api
2026-09;2026-09-09;13:02:49;DdEpSEvus9p;3982489532455636841;p;colaboracao;nao_informado;"🏭 A rotatividade de trabalhadores na indústria de Goiás aumentou 29% entre 2020 e 2025, passando de 48,3% para 62,3%. O índice estadual permaneceu acima da média brasileira durante todo o período analisado. Em 2025, a taxa nacional foi de 53,1%.

Os dados fazem parte de um levantamento da Gerência de Desenvolvimento Industrial da Federação das Indústrias do Estado de Goiás (Fieg), elaborado com informações da Rais e do Novo Caged. Segundo a análise, o resultado pode refletir tanto a criação de oportunidades quanto a substituição frequente de profissionais.

A construção apresentou a maior movimentação entre os segmentos avaliados, com taxa de 101% em 2025. Na indústria de transformação, o indicador chegou a 49,5%. Eletricidade e gás registrou o menor percentual, enquanto água e saneamento teve o maior crescimento proporcional no período.

Os jovens concentraram a maior rotatividade: a taxa alcançou 83,2% entre trabalhadores de 18 a 29 anos. Para a indústria, o avanço amplia o desafio de qualificar e reter profissionais, reduzindo custos com novos processos de seleção e treinamento e possíveis impactos sobre a produtividade.

Leia a matéria completa no link da bio.

#IndústriaGoiana #mercadodetrabalho #EmpregoEmGoiás #EconomiaGoiana #NotíciasGoiás";1266;IndústriaGoiana|mercadodetrabalho|EmpregoEmGoiás|EconomiaGoiana|NotíciasGoiás;;nao;2026-10-02T19:43:49-03:00;api:/api/v1/media/<media_id>/info/ (x-ig-app-id);completo_2026-09_legenda_api
2026-09;2026-09-09;13:42:30;DdEt0rCNQ2D;3982509502216080771;reel;proprio;nao_informado;"🎤🇫🇷 O Paul Cabannes tem um recado especial para você!

Prepare-se para uma noite de muita diversão, risadas e entretenimento na Sudoexpo 2026. 😄✨

Dá o play e confira o convite do próprio Paul para o show!

📅 11/09, as 19:30
📍 Sudoexpo 2026 | Rio Verde – GO

Marque nos comentários quem vai dar boas risadas com você! 👇

#Sudoexpo2026 #PaulCabannes #RioVerde #humor";365;Sudoexpo2026|PaulCabannes|RioVerde|humor;;nao;2026-10-02T19:43:49-03:00;api:/api/v1/media/<media_id>/info/ (x-ig-app-id);completo_2026-09_legenda_api
2026-09;2026-09-09;15:08:10;DdE3oLJAJHT;3982552623801733587;p;proprio;nao_informado;"Não sobrou nada para o designer 🤣
A prioridade foi deixar o estande perfeito e pensar em cada detalhe para receber você com excelência.

A casa do empresário de Rio Verde está pronta para acolher os seus associados e os visitantes. Aproveite o evento para visitar o estande da ACIRV e verificar se há oportunidades de negócio para você na feira, circular pelos pavilhões, conhecer novas parcerias e #ConectarParaCrescer com a nossa rede.

Aqui, ninguém cresce isolado. A gente cresce conectado.";494;ConectarParaCrescer;;nao;2026-10-02T19:43:49-03:00;api:/api/v1/media/<media_id>/info/ (x-ig-app-id);completo_2026-09_legenda_api
2026-09;2026-09-09;16:37:58;DdFB51QG1ab;3982597817714300571;p;proprio;nao_informado;Programação completa do nosso primeiro dia de SUDOEXPO 2026;59;;;nao;2026-10-02T19:43:49-03:00;api:/api/v1/media/<media_id>/info/ (x-ig-app-id);completo_2026-09_legenda_api
2026-09;2026-09-09;19:09:26;DdFTPT0A6Ae;3982674060428681246;p;proprio;nao_informado;"🤝 Conexões que geram oportunidades!

No dia 11 de setembro, às 7h30, a Sudoexpo 2026 recebe o Conecta – Mesa de Networking, um momento pensado para aproximar empresas, profissionais e pessoas que acreditam no poder das boas conexões.

E grandes parceiros estão confirmados para este encontro. Juntos, vamos compartilhar experiências, ampliar relacionamentos e criar novas oportunidades de negócios.

📅 11 de setembro
⏰ 7h30
📍 Sudoexpo 2026

Venha fazer parte dessa rede de conexões.

#Sudoexpo2026 #Conecta #Networking #Negócios #Conexões RioVerde ACIRV";553;Sudoexpo2026|Conecta|Networking|Negócios|Conexões;;nao;2026-10-02T19:43:49-03:00;api:/api/v1/media/<media_id>/info/ (x-ig-app-id);completo_2026-09_legenda_api
2026-09;2026-09-09;19:38:55;DdFWnN_PIwX;3982688897581485079;reel;colaboracao;nao_informado;Em fim, começou;15;;;nao;2026-10-02T19:43:49-03:00;api:/api/v1/media/<media_id>/info/ (x-ig-app-id);completo_2026-09_legenda_api
2026-09;2026-09-09;19:46:52;DdFXhdwp0L9;3982692900246340349;reel;colaboracao;nao_informado;"Hoje é dia de viver a @sudoexpo.oficial sob duas perspectivas que fazem parte da minha trajetória. 
Além de participar da abertura como diretora da @acirvoficial, prestigiando a segunda maior feira multissetorial do Centro-Oeste, também estou presente como empresária, representando a @gestaoagro360. 

É uma alegria fazer parte de um evento que movimenta negócios, gera conexões e fortalece o desenvolvimento da nossa região.
Que sejam dias de muito networking, oportunidades e novos negócios! 🚀

#acirv #sudoexpo #gestãoagro #rioverdegoias";541;acirv|sudoexpo|gestãoagro|rioverdegoias;sudoexpo.oficial|acirvoficial|gestaoagro360.;nao;2026-10-02T19:43:49-03:00;api:/api/v1/media/<media_id>/info/ (x-ig-app-id);completo_2026-09_legenda_api
2026-09;2026-09-09;20:39:56;DdFdmIZttLZ;3982719609189356249;reel;proprio;nao_informado;Entrevistamos alguns dos nossos expositores para saber como estão as expectativas para a SUDOEXPO 2026.;103;;;nao;2026-10-02T19:43:49-03:00;api:/api/v1/media/<media_id>/info/ (x-ig-app-id);completo_2026-09_legenda_api
2026-09;2026-09-09;22:40:51;DdFrbu6GzuQ;3982780467271908240;p;proprio;nao_informado;"Amanhã tem mais!
Confira a programação do segundo dia de SUDOEXPO 2026.";71;;;nao;2026-10-02T19:43:49-03:00;api:/api/v1/media/<media_id>/info/ (x-ig-app-id);completo_2026-09_legenda_api
2026-09;2026-09-09;23:15:04;DdFvWYTt-Tt;3982797691594204397;reel;proprio;nao_informado;"Todos os segmentos em um só lugar!
A SUDOEXPO é a melhor oportunidade para fechar negócios e você não pode ficar de fora.";121;;;nao;2026-10-02T19:43:49-03:00;api:/api/v1/media/<media_id>/info/ (x-ig-app-id);completo_2026-09_legenda_api
2026-09;2026-09-10;00:53:31;DdF6nVitWpT;3982847235367201363;reel;proprio;nao_informado;"O primeiro dia da Sudoexpo 2026 foi só o começo! 🚀

Foram grandes encontros, conexões e momentos que marcaram a abertura da maior feira multissetorial do Centro-Oeste.

E amanhã tem muito mais! ✨

No segundo dia, a programação segue com conhecimento, inovação, cultura, networking e grandes experiências para todos os públicos. Entre os destaques estão o Fórum de Inovação, a Exposição de Obras Literárias, o Workshop Marketing 360º da ACIRV Mulher e a aguardada palestra de Andréa Vermont. 🎤📚💡

Ainda tem muita Sudoexpo pela frente!";533;;;nao;2026-10-02T19:43:49-03:00;api:/api/v1/media/<media_id>/info/ (x-ig-app-id);completo_2026-09_legenda_api
2026-09;2026-09-10;09:39:12;DdG2xo0g7H-;3983111826052461054;reel;proprio;nao_informado;"Nossa edição deste ano traz palestras e workshops voltados para a tecnologia, comunicação, gestão e muito mais.
Não perca nenhuma dessas oportunidades.";151;;;nao;2026-10-02T19:43:49-03:00;api:/api/v1/media/<media_id>/info/ (x-ig-app-id);completo_2026-09_legenda_api
2026-09;2026-09-10;10:05:07;DdG5vckRIDL;3983124869595562187;p;proprio;nao_informado;"🎶 Música, talento e emoção sobem ao palco da Sudoexpo 2026!

Conheça os 3 finalistas da primeira noite do Festival Barzinho & Violão:
🎤 Suy e Rafa
🎤 Rafaela Bueno
🎤 Leandro e Tiago

Agora é hora de celebrar o talento e acompanhar quem vai conquistar o público nessa grande noite! ✨

📍 Sudoexpo 2026
🎶 Festival Barzinho & Violão";327;;;nao;2026-10-02T19:43:49-03:00;api:/api/v1/media/<media_id>/info/ (x-ig-app-id);completo_2026-09_legenda_api
2026-09;2026-09-10;11:54:56;DdHGTtXOHYI;3983180138089575944;reel;proprio;nao_informado;"O FÓRUM DE INOVAÇÃO foi um sucesso!
E ainda tem muito mais workshops e palestras da SUDOEXPO 2026.";98;;;nao;2026-10-02T19:43:49-03:00;api:/api/v1/media/<media_id>/info/ (x-ig-app-id);completo_2026-09_legenda_api
2026-09;2026-09-10;15:04:14;DdHb-QSA-Yk;3983275420777965092;reel;colaboracao;nao_informado;Parabéns @cleide.leal.946 @leticia_piresgr e @espacoterapeutico_simonealves;75;;cleide.leal.946|leticia_piresgr|espacoterapeutico_simonealves;nao;2026-10-02T19:43:49-03:00;api:/api/v1/media/<media_id>/info/ (x-ig-app-id);completo_2026-09_legenda_api
2026-09;2026-09-10;17:02:38;DdHpheEGqK7;3983335015363289787;p;colaboracao;nao_informado;"O primeiro dia da SUDOEXPO 2026 foi incrível! 🚀✨
Momentos especiais, grandes encontros e muita energia para marcar o início do evento.

E isso é só o começo. Vem muito mais por aí! 🔥

#SUDOEXPO2026 #SUDOEXPO #Agro #Eventos";222;SUDOEXPO2026|SUDOEXPO|Agro|Eventos;;nao;2026-10-02T19:43:49-03:00;api:/api/v1/media/<media_id>/info/ (x-ig-app-id);completo_2026-09_legenda_api
2026-09;2026-09-10;18:02:16;DdHwWIKAYbH;3983365022251321031;reel;proprio;nao_informado;"📚✨ Histórias, autores e novos encontros marcaram a Exposição de Obras Literárias da Sudoexpo 2026!

Foi um dia para celebrar a literatura e dar espaço a autores que compartilharam suas obras, suas trajetórias e, principalmente, suas histórias com o público da feira.

Entre livros, conversas e novas conexões, a exposição mostrou que a Sudoexpo também é um espaço para a cultura, o conhecimento e a valorização dos talentos.

Que venham mais páginas, mais histórias e mais encontros como esse! 💜📖

#Sudoexpo2026 #ExposiçãoDeObrasLiterárias #Literatura #Autores";560;Sudoexpo2026|ExposiçãoDeObrasLiterárias|Literatura|Autores;;nao;2026-10-02T19:43:49-03:00;api:/api/v1/media/<media_id>/info/ (x-ig-app-id);completo_2026-09_legenda_api
2026-09;2026-09-10;22:35:06;DdIPkcum3wF;3983502345854745605;p;proprio;nao_informado;Confira a programação da nossa sexta-feira na SUDOEXPO 2026.;60;;;nao;2026-10-02T19:43:49-03:00;api:/api/v1/media/<media_id>/info/ (x-ig-app-id);completo_2026-09_legenda_api
2026-09;2026-09-11;03:22:38;DdIweZTRkSF;3983647065392956549;reel;colaboracao;nao_informado;"O segundo dia da Sudoexpo 2026 foi daqueles que mostram tudo o que uma grande feira pode proporcionar. 🚀✨

Teve conhecimento, inovação, conexões, cultura, literatura, empreendedorismo e muitos encontros que movimentaram a programação e reuniram diferentes públicos.

Cada espaço, palestra e experiência reforçou a força da Sudoexpo como um ambiente de oportunidades e conexões para toda a região.

E ainda tem muito mais pela frente! 💜

Acompanhe os melhores momentos e venha viver a Sudoexpo 2026 com a gente.";510;;;nao;2026-10-02T19:43:49-03:00;api:/api/v1/media/<media_id>/info/ (x-ig-app-id);completo_2026-09_legenda_api
2026-09;2026-09-11;12:02:02;DdJr6lFxswG;3983908486940904454;reel;colaboracao;nao_informado;"O segundo dia de SudoExpo 2026 foi completo! 

A equipe do Grupo Futura participou de palestras, fóruns e momentos de muito aprendizado, além de prestigiar as empresas expositoras e fortalecer conexões. Venha conhecer a feira e se surpreender com a grandiosidade do evento! 📈

#sudoexpo #negocios #grupofutura #rioverdegoias";324;sudoexpo|negocios|grupofutura|rioverdegoias;;nao;2026-10-02T19:43:49-03:00;api:/api/v1/media/<media_id>/info/ (x-ig-app-id);completo_2026-09_legenda_api
2026-09;2026-09-11;12:22:53;DdJuTR_OMDD;3983918980509778115;reel;proprio;nao_informado;"Confira a programação de hoje da SUDOEXPO 2026:
Palestras, ações especiais, música e muito mais.";96;;;nao;2026-10-02T19:43:49-03:00;api:/api/v1/media/<media_id>/info/ (x-ig-app-id);completo_2026-09_legenda_api
2026-09;2026-09-11;14:48:23;DdJ-9EmSBdB;3983992221094909761;reel;colaboracao;nao_informado;"✨ Dia 2 de SUDOEXPO 2026!

Mais um dia de conexões, negócios, encontros e grandes oportunidades. Seguimos vivendo de perto tudo o que a feira proporciona, fortalecendo parcerias e construindo novas possibilidades.

E ainda tem muito pela frente! 🚀

📍 SUDOEXPO 2026
🤝 Conexões que movimentam negócios.

#SUDOEXPO2026 #SUDOEXPO #Negócios #Conexões #RioVerdeGO";357;SUDOEXPO2026|SUDOEXPO|Negócios|Conexões|RioVerdeGO;;nao;2026-10-02T19:43:49-03:00;api:/api/v1/media/<media_id>/info/ (x-ig-app-id);completo_2026-09_legenda_api
2026-09;2026-09-11;15:09:05;DdKBUlHg4h_;3984002632653179007;p;proprio;nao_informado;Conheça os vencedores da nossa segunda noite de semifinal Barzinho & Violão.;76;;;nao;2026-10-02T19:43:49-03:00;api:/api/v1/media/<media_id>/info/ (x-ig-app-id);completo_2026-09_legenda_api
2026-09;2026-09-11;16:10:27;DdKIWFpGtIH;3984033522621534727;p;colaboracao;nao_informado;"O segundo dia da SUDOEXPO 2026 foi marcado por conhecimento, conexões e grandes momentos! 🚀✨

Fóruns, palestras, exposições, premiações e muita música fizeram parte de mais um dia especial.

E ainda tem muito mais por vir! 🔥

#SUDOEXPO2026 #SUDOEXPO #Conexões #Agro #RioVerde";275;SUDOEXPO2026|SUDOEXPO|Conexões|Agro|RioVerde;;nao;2026-10-02T19:43:49-03:00;api:/api/v1/media/<media_id>/info/ (x-ig-app-id);completo_2026-09_legenda_api
2026-09;2026-09-11;16:56:38;DdKNoY5AEaq;3984056770472461994;reel;proprio;nao_informado;"A SUDOEXPO é o melhor lugar pra fazer negócios.
Mas é muito mais que isso.
Entretenimento, conhecimento, diversão e tecnologia. Tudo em um só lugar.";148;;;nao;2026-10-02T19:43:49-03:00;api:/api/v1/media/<media_id>/info/ (x-ig-app-id);completo_2026-09_legenda_api
2026-09;2026-09-11;17:59:40;DdKU1-hgQAq;3984088490559209514;reel;proprio;nao_informado;"Parabéns @lenildomoraess @ricoojuara_ e @hellane_ 
Entraremos em contato.";73;;lenildomoraess|ricoojuara_|hellane_;nao;2026-10-02T19:43:49-03:00;api:/api/v1/media/<media_id>/info/ (x-ig-app-id);completo_2026-09_legenda_api
2026-09;2026-09-11;19:26:44;DdKezwboG0y;3984132318454377778;p;colaboracao;nao_informado;"Tivemos o  privilégio participar da 18ª edição da SUDOEXPO 2026, que acontece de 9 a 12 de setembro, em Rio Verde (GO). A 2ª maior feira multissetorial do Brasil e a maior da região Centro-Oeste, realizada pela ACIRV, e em diferentes momentos reforçam nosso compromisso com a inovação, o desenvolvimento e a conexão entre pessoas e negócios. No Fórum de Inovação, acompanhamos a participação de Lorena Carvalho, que compartilhou conhecimentos sobre inovações e ferramentas para empresários, trazendo reflexões sobre como a tecnologia pode contribuir para o crescimento dos negócios, participamos da Mesa-Redonda, um espaço de troca de experiências entre empresários, e prestigiamos o Conecta 2 Anos, uma rodada de networking que reuniu grandes conexões e oportunidades. 🚀

Além disso, tivemos a satisfação de integrar a bancada de jurados da Batalha de Pitchs de novas startups rioverdenses, acompanhando de perto a inovação, criatividade e a tecnologia colocadas para novos negócios. Agradecemos à ACIRV pela realização desse grande evento e pela oportunidade de fazer parte de uma programação que valoriza o conhecimento, o empreendedorismo e a inovação.

Seguimos conectando pessoas, ideias e soluções para transformar o futuro dos negócios. 🌱

#sudoexpo2026 #inivação #rioverdegoias #simpleagro #espaçocapital";1313;sudoexpo2026|inivação|rioverdegoias|simpleagro|espaçocapital;;nao;2026-10-02T19:43:49-03:00;api:/api/v1/media/<media_id>/info/ (x-ig-app-id);completo_2026-09_legenda_api
2026-09;2026-09-11;22:18:29;DdKydrlP2Vq;3984218762348815722;reel;colaboracao;nao_informado;"💚 A SudoExpo 2026 está sendo marcada por muita movimentação, conhecimento, conexões e grandes oportunidades para Rio Verde e toda a região.

Para nós, da Pax Rio Verde, é uma satisfação participar de mais uma edição desse evento tão importante.

Parabenizamos toda a diretoria da ACIRV e a comissão organizadora da SudoExpo pelo excelente trabalho e pelo cuidado em cada detalhe.

E a feira continua! Passe pelo nosso estande e venha viver essa experiência com a gente. ✨";471;;;nao;2026-10-02T19:43:49-03:00;api:/api/v1/media/<media_id>/info/ (x-ig-app-id);completo_2026-09_legenda_api
2026-09;2026-09-11;22:24:23;DdKzI1aNxTB;3984221727838639297;reel;proprio;nao_informado;"Já começou a última noite de semifinal do Festival BARZINHO & VIOLÃO, mas ainda dá tempo de vir curtir muita música boa.
E amanhã, a partir das 21h, tem a nossa grande final 🎤🎸";176;;;nao;2026-10-02T19:43:49-03:00;api:/api/v1/media/<media_id>/info/ (x-ig-app-id);completo_2026-09_legenda_api
2026-09;2026-09-11;22:40:13;DdK081ZG-QW;3984229699279381526;p;proprio;nao_informado;"Não perca!
Amanhã é a última oportunidade de visitar a melhor e maior edição da SUDOEXPO.";89;;;nao;2026-10-02T19:43:49-03:00;api:/api/v1/media/<media_id>/info/ (x-ig-app-id);completo_2026-09_legenda_api
2026-09;2026-09-11;22:56:12;DdK2x2gt8Kt;3984237740659557037;p;colaboracao;nao_informado;"Sudo Expo - 2026 @sudoexpo.oficial 
Uma feira multisetorial cheia de novidades tecnológicas. Encantada estou! 🍀";111;;sudoexpo.oficial;nao;2026-10-02T19:43:49-03:00;api:/api/v1/media/<media_id>/info/ (x-ig-app-id);completo_2026-09_legenda_api
2026-09;2026-09-12;01:32:34;DdLIrHEN2gs;3984316442235856940;p;proprio;nao_informado;"E temos nossos 3 últimos finalistas!!
Parabéns a todos os cantores e cantoras que brilharam no nosso palco.
Amanhã, a partir das 18h tem a final do Pirulito & Violão. E a partir das 21h, a grande final do Barzinho & Violão.
Aqui, tudo vira música!";247;;;nao;2026-10-02T19:43:49-03:00;api:/api/v1/media/<media_id>/info/ (x-ig-app-id);completo_2026-09_legenda_api
2026-09;2026-09-12;08:00:08;DdL1ByjB4pH;3984511514798688839;reel;colaboracao;nao_informado;"O terceiro dia da Sudoexpo 2026 foi intenso e cheio de momentos que vão ficar na memória! 💜✨

Negócios, conhecimento, música, cultura, conexões e muita gente vivendo tudo o que a feira tem para oferecer.

E hoje é o nosso último dia! 🚀

Ainda dá tempo de aproveitar a programação, visitar os expositores, viver novas experiências e fazer parte dos últimos momentos da maior feira multissetorial do Centro-Oeste.

📍 Sudoexpo 2026
📅 Último dia: 12 de setembro

A gente espera você! 💜";481;;;nao;2026-10-02T19:43:49-03:00;api:/api/v1/media/<media_id>/info/ (x-ig-app-id);completo_2026-09_legenda_api
2026-09;2026-09-12;18:13:16;DdM7MecyWWA;3984820112389137792;reel;colaboracao;nao_informado;"Rio Verde mostrando a força que tem! 💚🌾

Dia de prestigiar a @sudoexpo.oficial , realizada pela @acirvoficial , e acompanhar a participação da @nucleoagricola .

Muito orgulho de ver o agro e as empresas da nossa região crescendo cada vez mais. 🚀

E sim… meu marido continua parecendo o Roberto Justus 😂

#Sudoexpo #RioVerde #Agronegócio";337;Sudoexpo|RioVerde|Agronegócio;sudoexpo.oficial|acirvoficial|nucleoagricola;nao;2026-10-02T19:43:49-03:00;api:/api/v1/media/<media_id>/info/ (x-ig-app-id);completo_2026-09_legenda_api
2026-09;2026-09-12;20:49:45;DdNNGmSmkx0;3984898873328553076;p;colaboracao;nao_informado;"O terceiro dia da SUDOEXPO 2026 foi cheio de conexões, conhecimento e muita diversão! 🚀✨

Teve CONecta, Fórum de I.A., exposições, palestra, stand-up com Paul Cabannes e mais uma noite de talentos no Barzinho & Violão. 🎤🎶

Mais um dia especial dessa edição que está ficando para a história.🔥

#SUDOEXPO2026 #SUDOEXPO #Conexões #Inovação #RioVerde";346;SUDOEXPO2026|SUDOEXPO|Conexões|Inovação|RioVerde;;nao;2026-10-02T19:43:49-03:00;api:/api/v1/media/<media_id>/info/ (x-ig-app-id);completo_2026-09_legenda_api
2026-09;2026-09-12;21:23:14;DdNQ71ptdO0;3984915726094160820;reel;colaboracao;nao_informado;"Encerramos a Sudoexpo com chave de ouro! ☀️🚀

Foram 4 dias de muita energia, conexões e negócios no nosso estande. Agradecemos a cada pessoa que passou por aqui e conheceu de perto como a energia solar pode transformar a conta de luz.

Se você ainda não garantiu seu orçamento gratuito, o momento é agora! A promoção da viagem para Caldas Novas está na reta final🏖️

👇 Chama no WhatsApp e garanta sua economia

#sudoexpo #energiasolar #sustentabilidade #energiasustentavel #economia";482;sudoexpo|energiasolar|sustentabilidade|energiasustentavel|economia;;nao;2026-10-02T19:43:49-03:00;api:/api/v1/media/<media_id>/info/ (x-ig-app-id);completo_2026-09_legenda_api
2026-09;2026-09-13;00:31:22;DdNmdx9MQbn;3985010417564976871;reel;colaboracao;nao_informado;"✨ SUDOEXPO 2026: uma feira que termina, mas deixa conexões que continuam.

Hoje encerramos mais uma edição dessa grande feira que movimenta negócios, aproxima empresas, gera oportunidades e fortalece o empreendedorismo em nossa região.

Foram dias de muitos encontros, conversas, aprendizados e, principalmente, conexões.

Estive presente apoiando a ACIRV Mulher, fortalecendo o propósito de contribuir para um ambiente cada vez mais favorável ao empreendedorismo feminino.

E, ao mesmo tempo, vivi essa experiência também como empresária, apresentando meu trabalho, fortalecendo relacionamentos e criando novas conexões para a RC Consultoria Financeira e para o meu BPO Financeiro.

Porque empreender também é estar presente. É construir relacionamentos, enxergar oportunidades e entender que grandes negócios começam, muitas vezes, com uma boa conversa.

Meu agradecimento à ACIRV, à ACIRV Mulher, a todos os parceiros, empresários, empreendedores e profissionais que fizeram parte desses dias.

Que as conexões construídas aqui se transformem em parcerias, negócios e crescimento. 🤝✨

A feira termina. As conexões, não.";1122;;;nao;2026-10-02T19:43:49-03:00;api:/api/v1/media/<media_id>/info/ (x-ig-app-id);completo_2026-09_legenda_api
2026-09;2026-09-13;11:09:59;DdOvjIdjb9D;3985331842722938691;reel;colaboracao;nao_informado;José Carlos Cintra, presidente da Acirv, alerta sobre as dores do empresariado na 18ª Sudoexpo. Carga tributária, custo da máquina e obrigações complexas pesam no produto final. Acompanhar a mudança de hábitos e inovações é crucial para a sobrevivência do negócio. #Acirv #Sudoexpo #Empreendedorismo #CustoBrasil #GestaoEmpresarial #Inovacao #RioVerde #Negocios;361;Acirv|Sudoexpo|Empreendedorismo|CustoBrasil|GestaoEmpresarial|Inovacao|RioVerde|Negocios;;nao;2026-10-02T19:43:49-03:00;api:/api/v1/media/<media_id>/info/ (x-ig-app-id);completo_2026-09_legenda_api
2026-09;2026-09-13;11:33:00;DdOyLycOUju;3985343432669874414;reel;colaboracao;nao_informado;"A SuroExpo 2026 foi um evento incrível que reuniu empresas para se conectarem, trocarem experiencias, fazerem network e abrir oportunidades para novos negócios! Essa edição recebeu Rio Verre-GO e todas as cidades vizinhas para movimentar a economia da nossa região!

#sudoexpo #empreendedorismo #negocios #empresas";314;sudoexpo|empreendedorismo|negocios|empresas;;nao;2026-10-02T19:43:49-03:00;api:/api/v1/media/<media_id>/info/ (x-ig-app-id);completo_2026-09_legenda_api
2026-09;2026-09-13;17:27:12;DdPat8eAb5A;3985521701759860288;reel;colaboracao;nao_informado;"Chegamos ao fim da Sudoexpo 2026!

Foram quatro dias de negócios, conhecimento, inovação, cultura, música, conexões e muitos encontros que fizeram desta edição um momento especial para Rio Verde e toda a região.

Nosso agradecimento a cada expositor, patrocinador, parceiro, palestrante, artista, equipe e, principalmente, a todos que passaram pela Sudoexpo e fizeram parte dessa história.

A feira termina, mas as conexões continuam. 🚀

E já temos um próximo encontro marcado:

📅 Sudoexpo 2028
13 a 16 de setembro

Até lá!";523;;;nao;2026-10-02T19:43:49-03:00;api:/api/v1/media/<media_id>/info/ (x-ig-app-id);completo_2026-09_legenda_api
2026-09;2026-09-13;18:32:49;DdPiOg7Fh1l;3985554726251273573;p;colaboracao;nao_informado;"Foram quatro dias de muita conexão, informação, histórias e, principalmente, da oportunidade de levar ao público em tempo real tudo o que aconteceu nos bastidores e nos espaços da Sudoexpo. 🎤✨

Meu agradecimento especial à @vivianneolive @wenyaalecrim e a toda a diretoria da ACIRV, pela confiança no meu trabalho e por acreditarem na comunicação como uma ferramenta que aproxima, conecta e dá voz aos grandes acontecimentos.

Obrigada pela oportunidade e pela parceria! Que venham os próximos desafios!

#Sudoexpo #ACIRV #Comunicação #Comunicadora #ComunicaçãoEmTempoReal";572;Sudoexpo|ACIRV|Comunicação|Comunicadora|ComunicaçãoEmTempoReal;vivianneolive|wenyaalecrim;nao;2026-10-02T19:43:49-03:00;api:/api/v1/media/<media_id>/info/ (x-ig-app-id);completo_2026-09_legenda_api
2026-09;2026-09-13;19:07:34;DdPmNEUsUvS;3985572219008928722;reel;colaboracao;nao_informado;"Um pouquinho do que rolou nesses quatro dias de Sudoexpo 2026, cobertura em tempo real para Acirv! 

#comunicação #sudoexpo #empresarios #negocios #conexão";155;comunicação|sudoexpo|empresarios|negocios|conexão;;nao;2026-10-02T19:43:49-03:00;api:/api/v1/media/<media_id>/info/ (x-ig-app-id);completo_2026-09_legenda_api
2026-09;2026-09-13;19:45:58;DdPqmV0AjpZ;3985591547960900185;reel;colaboracao;nao_informado;"🎤✨ Talento de sobra no palco do Pirulito & Violão!

A edição Kids do show de talentos da SUDOEXPO 2026 foi cheia de música, emoção e momentos especiais. 💜

Parabéns a todas as crianças que participaram e, especialmente, às nossas vencedoras:

🥉 3º lugar - Victtoriah
🥈 2º lugar - Marina Rocha
🥇 1º lugar - Maria Bittencourt 🏆

Que esse seja apenas o começo de muitos palcos e sonhos! 🌟

#SUDOEXPO2026 #PirulitoEViolão #ShowDeTalentos #SUDOEXPO #TalentoKids";456;SUDOEXPO2026|PirulitoEViolão|ShowDeTalentos|SUDOEXPO|TalentoKids;;nao;2026-10-02T19:43:49-03:00;api:/api/v1/media/<media_id>/info/ (x-ig-app-id);completo_2026-09_legenda_api
2026-09;2026-09-13;19:53:25;DdPrc9HgYrg;3985595301015685856;reel;colaboracao;nao_informado;"🎤✨ Uma noite de música, talento e muita emoção no palco da SUDOEXPO!

O Barzinho & Violão reuniu grandes talentos em apresentações que fizeram dessa edição um momento especial.

🏆 Confira a classificação:

🥇 Rafaela Bueno
🥈 Weder Ribeiro
🥉 Arturito

Parabéns aos vencedores e a todos que fizeram parte desse espetáculo! 💜🎶

O palco foi de vocês!

#SUDOEXPO2026 #BarzinhoEViolão #ShowDeTalentos #SUDOEXPO";403;SUDOEXPO2026|BarzinhoEViolão|ShowDeTalentos|SUDOEXPO;;nao;2026-10-02T19:43:49-03:00;api:/api/v1/media/<media_id>/info/ (x-ig-app-id);completo_2026-09_legenda_api
2026-09;2026-09-14;13:53:17;DdRnCEOxtfA;3986138810995365824;reel;colaboracao;nao_informado;"A equipe Aibes Advogados esteve presente na SUDOEXPO 2026, prestigiando a 2ª maior feira multissetorial do Brasil! 🤝

Um momento importante para fortalecer conexões, criar novos laços e acompanhar de perto as oportunidades e o desenvolvimento da nossa região.

Seguimos construindo relacionamentos e ampliando horizontes!

#AibesAdvogados #sudoexpo #goiás #rioverde";365;AibesAdvogados|sudoexpo|goiás|rioverde;;nao;2026-10-02T19:43:49-03:00;api:/api/v1/media/<media_id>/info/ (x-ig-app-id);completo_2026-09_legenda_api
2026-09;2026-09-15;09:13:09;DdTrxOJtvlv;3986722593602730351;reel;colaboracao;nao_informado;"Dois Dedos de Prosa - Edição 85: Os detalhes da Sudo Expo de Rio Verde-GO

O presidente da Associação Comercial e Industrial de Rio Verde-GO (Acirv) descreve os detalhes da Sudo Expo 2026, a segunda maior feira multisetorial do Brasil";234;;;nao;2026-10-02T19:43:49-03:00;api:/api/v1/media/<media_id>/info/ (x-ig-app-id);completo_2026-09_legenda_api
2026-09;2026-09-15;10:46:09;DdT2aYpukmJ;3986769402840893833;reel;colaboracao;nao_informado;"Tv Sucesso 2026
SUDOEXPO Festival Barzinho e Violão reúne artistas da região 
#TVSucesso #BandCidade #rioverde #goias";117;TVSucesso|BandCidade|rioverde|goias;;nao;2026-10-02T19:43:49-03:00;api:/api/v1/media/<media_id>/info/ (x-ig-app-id);completo_2026-09_legenda_api
2026-09;2026-09-15;13:18:47;DdUH4QFkfQp;3986846222019327017;p;colaboracao;nao_informado;"Um estande que virou casa. E uma casa feita para gerar conexões.
Na 18ª SudoExpo, a @acirvoficial apresentou um conceito diferente de tudo o que havia feito nos anos anteriores: a Casa do Empresário.

A proposta, criada pela @vcomunica , nasceu de uma mudança de olhar. Se antes o espaço da entidade era muito voltado ao encontro de autoridades e aos debates institucionais, neste ano queríamos aproximá-lo ainda mais de quem dá sentido à ACIRV: o empresário.

Por isso, pensamos em um estande aberto, acolhedor e com formato de casa. Um espaço para entrar, permanecer, conversar, encontrar pessoas e criar oportunidades.

E, como CONEXÃO é o conceito que conduz a comunicação da ACIRV em 2026, ele também precisava acontecer na prática.

Foi daí que nasceu o Match de Conexões: uma dinâmica que uniu o ambiente físico ao digital, permitindo visualizar as conexões construídas durante a feira e ampliar o relacionamento entre os participantes.

Mais do que ocupar um espaço na SudoExpo, a ideia era fazer da presença da ACIRV uma experiência.

Estratégia, conceito, comunicação e experiência trabalhando juntos. Isso também é VCOM.

Um agradecimento especial ao @kevyneusou, parceiro da VCOM, que abraçou o conceito e ajudou a levá-lo para o digital, além de conduzir os matches e transformar conexões em experiências durante os quatro dias de SudoExpo.

Uma boa ideia ganha ainda mais força quando encontra bons parceiros para fazê-la acontecer. 

#Sudoexpo2026";1462;Sudoexpo2026;acirvoficial|vcomunica|kevyneusou;nao;2026-10-02T19:43:49-03:00;api:/api/v1/media/<media_id>/info/ (x-ig-app-id);completo_2026-09_legenda_api
2026-09;2026-09-15;20:28:25;DdU5C_yjbzl;3987062464713702629;p;proprio;nao_informado;"O presidente da #ACIRV, José Carlos Cintra, e os membros da diretoria @raphael_valongo e @eng.gustavo.lacerda acompanharam o primeiro dia do workshop sobre inteligência artificial no Agrohub da @unirvoficial

A aproximação entre a entidade e a universidade consolida pontes institucionais para #ConectarParaCrescer, fortalecendo a governança, a #Inovacao e o ambiente de negócios de #RioVerde.

Aqui, ninguém cresce isolado. A gente cresce conectado.";450;ACIRV|ConectarParaCrescer|Inovacao|RioVerde;raphael_valongo|eng.gustavo.lacerda|unirvoficial;nao;2026-10-02T19:43:49-03:00;api:/api/v1/media/<media_id>/info/ (x-ig-app-id);completo_2026-09_legenda_api
2026-09;2026-09-15;20:29:56;DdU5OH7DcUM;3987063229360489740;p;proprio;nao_informado;"O presidente da #ACIRV, José Carlos Cintra, participou da reunião do CODERV para alinhar pautas de interesse mútuo voltadas ao ambiente de negócios em #RioVerde.

O encontro contou com a presença de @paulodovale e @lucasdovalego, fortalecendo o diálogo entre lideranças e entidades. Essa aproximação reforça a união da ACIRV e do conselho para #ConectarParaCrescer, somando esforços pelo #Associativismo e pelo #DesenvolvimentoEmpresarial.

Aqui, ninguém cresce isolado. A gente cresce conectado.";496;ACIRV|RioVerde|ConectarParaCrescer|Associativismo|DesenvolvimentoEmpresarial;paulodovale|lucasdovalego;nao;2026-10-02T19:43:49-03:00;api:/api/v1/media/<media_id>/info/ (x-ig-app-id);completo_2026-09_legenda_api
2026-09;2026-09-15;21:47:38;DdVCHKbDEw7;3987102333427010619;p;colaboracao;nao_informado;"A Sudoexpo 2026 foi muito mais do que um espaço para apresentar o GARV. Foi uma oportunidade de estar perto de empresários, compartilhar nossa missão, falar sobre o autismo e, principalmente, construir conexões que podem gerar impacto real em nossa comunidade.

Durante os quatro dias de evento, de 9 a 12 de setembro, estivemos presentes levando informação, sensibilização e apresentando aos empresários do projeto Empresa Amiga do Autista.

O apoio das empresas será fundamental para que possamos manter e ampliar nossas ações, projetos e iniciativas em benefício das pessoas autistas e suas famílias.

Ser uma Empresa Amiga do Autista é escolher fazer parte dessa causa.
É transformar apoio em oportunidade.
É ajudar a construir uma sociedade mais acolhedora, acessível e inclusiva. 💙

Nosso agradecimento especial a todos os empresários que nos receberam, ouviram nossa história e se permitiram conhecer um pouco mais do trabalho do GARV. 

Agradecemos à ACIRV — Associação Comercial, Industrial de Rio Verde, pela realização da Sudoexpo e pela oportunidade de estarmos presente neste evento, criando pontes e levando nossa causa para mais pessoas e empresas.

E, com muito carinho, nosso reconhecimento a toda a diretoria do GARV, que esteve presente, trabalhou, se dedicou e lutou para que essa participação pudesse acontecer.

Um agradecimento especial à Diretora - Rakilândia Medeiros, que teve um papel fundamental nessa conquista, articulando junto à ACIRV a disponibilização do stand para o GARV.

Foi trabalho de equipe. Foi conexão. Foi propósito. Foi GARV! 💙💚

Que as conexões iniciadas na Sudoexpo se transformem em grandes parcerias — e que essas parcerias possam transformar vidas.

#GARV #EmpresaAmigaDoAutista #Sudoexpo2026 #ACIRV #Autismo";1758;GARV|EmpresaAmigaDoAutista|Sudoexpo2026|ACIRV|Autismo;;nao;2026-10-02T19:43:49-03:00;api:/api/v1/media/<media_id>/info/ (x-ig-app-id);completo_2026-09_legenda_api
2026-09;2026-09-16;13:03:44;DdWq88juOv7;3987563426229054459;reel;colaboracao;nao_informado;"Tv Sucesso 2026
Em meio à queda da leitura, SUDOEXPO valoriza escritores 
#TVSucesso #BandCidade #rioverde #goias";113;TVSucesso|BandCidade|rioverde|goias;;nao;2026-10-02T19:43:49-03:00;api:/api/v1/media/<media_id>/info/ (x-ig-app-id);completo_2026-09_legenda_api
2026-09;2026-09-16;13:22:38;DdWtHT4EURs;3987572934554240108;p;colaboracao;nao_informado;"Encerramos a SUDOEXPO 2026 com o coração cheio de gratidão!

O último dia foi marcado por celebrações, homenagens e muita emoção nas grandes finais dos festivais Pirulito & Violão e Barzinho & Violão. 🏆🎶

Foram quatro dias de encontros, conhecimento, talentos e momentos inesquecíveis.

Obrigado por fazer parte dessa história. Até a SUDOEXPO 2027! 💜🚀

#SUDOEXPO2026 #SUDOEXPO #RioVerde #Agro";392;SUDOEXPO2026|SUDOEXPO|RioVerde|Agro;;nao;2026-10-02T19:43:49-03:00;api:/api/v1/media/<media_id>/info/ (x-ig-app-id);completo_2026-09_legenda_api
2026-09;2026-09-16;20:32:30;DdXeTzOxPp1;3987789297133877877;reel;colaboracao;nao_informado;"O dia 10 de setembro ficará para sempre marcado em nossas histórias.

Foi um dia memorável, de encontros, trocas e celebração ao lado de tantos profissionais que fazem do RH um espaço de transformação.

E, entre tantos momentos especiais, vivemos o lançamento da obra Entre Pessoas e Resultados, fruto de muitas histórias, experiências e da vontade de compartilhar aquilo que aprendemos ao longo da nossa trajetória.

Um encontro que ficará na memória e, sobretudo, nas páginas de uma história que acaba de começar.";515;;;nao;2026-10-02T19:43:49-03:00;api:/api/v1/media/<media_id>/info/ (x-ig-app-id);completo_2026-09_legenda_api
2026-09;2026-09-17;10:35:46;DdY-z_kjlpN;3988213721872620109;p;colaboracao;nao_informado;"Um pouco do Festival Barzinho e Violão, em Rio Verde. 🎶

2º lugar, disputando com algumas das grandes vozes de Goiás e do Brasil. 🥈

Gratidão por viver esse momento! 🙏🎤";168;;;nao;2026-10-02T19:43:49-03:00;api:/api/v1/media/<media_id>/info/ (x-ig-app-id);completo_2026-09_legenda_api
2026-09;2026-09-17;11:48:28;DdZHIeuvq5e;3988250314091179614;reel;colaboracao;nao_informado;"Hoje, olhando para essas imagens, meu coração se enche de gratidão.

A Sudoexpo 2026 foi muito mais do que uma feira. Foi a realização de um sonho, o resultado de muito trabalho e a prova de que, quando Deus está à frente, cada detalhe encontra o seu lugar. 🙏🏻🤍

Sou grata a Deus por me permitir viver tudo isso e a cada pessoa que esteve ao meu lado, nos bastidores e no meu estande, tornando esses dias ainda mais especiais.

A cada cliente, amiga, família e pessoa que prestigiou a Mariana Duarte Semijoias: meu muito obrigada. 💎

Levo comigo as memórias, os encontros, os aprendizados e, principalmente, a certeza de que vale a pena acreditar nos nossos sonhos.

Que venham os próximos capítulos.
Com Deus à frente e o coração cheio de gratidão. 🤍✨

#marianaduartesemijoias #rioverdego #tbt❤ #sudoexpo2026 #acirv";816;marianaduartesemijoias|rioverdego|tbt|sudoexpo2026|acirv;;nao;2026-10-02T19:43:49-03:00;api:/api/v1/media/<media_id>/info/ (x-ig-app-id);completo_2026-09_legenda_api
2026-09;2026-09-18;14:57:14;DdcBh_Nmzrb;3989070103606672091;p;proprio;nao_informado;"Se você já faz parte da ACIRV, você tem apoio especializado a sua disposição para ajudar o seu negócio a avançar no rumo certo.

Associado, procure a equipe da #ACIRV pelo link na bio para utilizar essa orientação técnica de confiança e trazer mais segurança para as decisões da sua empresa.

Aqui, ninguém cresce isolado. A gente cresce conectado.";348;ACIRV;;nao;2026-10-02T19:43:49-03:00;api:/api/v1/media/<media_id>/info/ (x-ig-app-id);completo_2026-09_legenda_api
2026-09;2026-09-18;17:12:00;DdcQ8_vG1w-;3989137930292255806;p;proprio;nao_informado;"A #SudoExpo terminou, mas a nossa escuta continua.

Se você passou pelo estande da #ACIRV, a sua opinião pode ajudar a mostrar o que deu certo e o que podemos melhorar para os próximos encontros em #RioVerde.

A pesquisa leva cerca de 1 minuto para responder. A sua opinião apoia o nosso trabalho pelo #Empreendedorismo e nos ajuda a #ConectarParaCrescer com você.

Acesse o link na bio ou leia o QR Code para avaliar o nosso estande.

Aqui, ninguém cresce isolado. A gente cresce conectado.";491;SudoExpo|ACIRV|RioVerde|Empreendedorismo|ConectarParaCrescer;;nao;2026-10-02T19:43:49-03:00;api:/api/v1/media/<media_id>/info/ (x-ig-app-id);completo_2026-09_legenda_api
2026-09;2026-09-22;10:53:01;Ddl4w0JjgO5;3991846289868194745;p;proprio;nao_informado;"A SudoExpo terminou, mas uma conexão só começa a mostrar valor depois do primeiro encontro.

Três movimentos simples ajudam: retome a conversa enquanto o contexto ainda está fresco, compartilhe algo útil em vez de apenas cobrar retorno e marque um próximo passo concreto quando houver interesse.

Networking é continuidade.

Retome hoje uma conversa que fez sentido para você e coloque em prática o #ConectarParaCrescer

Aqui, ninguém cresce isolado. A gente cresce conectado.";476;ConectarParaCrescer;;nao;2026-10-02T19:43:49-03:00;api:/api/v1/media/<media_id>/info/ (x-ig-app-id);completo_2026-09_legenda_api
2026-09;2026-09-22;14:08:36;DdmPJQaRmEI;3991944726504169736;reel;colaboracao;nao_informado;Parabéns @helenrborges;22;;helenrborges;nao;2026-10-02T19:43:49-03:00;api:/api/v1/media/<media_id>/info/ (x-ig-app-id);completo_2026-09_legenda_api
2026-09;2026-09-22;17:17:25;DdmkwJxG3WJ;3992039758407366025;p;proprio;nao_informado;"Nesta oficina você aprende a eliminar gargalos operacionais e reduzir retrabalho com #InteligênciaArtificial

Transforme a rotina empresa por meio dessa oficina prática promovida pela #ACIRV junto ao @sebraegoias no dia 29 de setembro, às 19h.

📅 Data: 29 de setembro 
🕒 Horário: 19h 
📌 Inscrições abertas pelo link na bio.

Essa é uma oportunidade para #ConectarParaCrescer com a ACIRV, e se qualificar em #GestaoDeProcessos com #IA

Aqui, ninguém cresce isolado. A gente cresce conectado.";490;InteligênciaArtificial|ACIRV|ConectarParaCrescer|GestaoDeProcessos|IA;sebraegoias;nao;2026-10-02T19:43:49-03:00;api:/api/v1/media/<media_id>/info/ (x-ig-app-id);completo_2026-09_legenda_api
2026-09;2026-09-24;21:56:45;DdsOT2bjW5X;3993629906336312919;p;proprio;nao_informado;"O #TBT de hoje resgata as visitas do presidente da ACIRV, o senhor José Carlos Cintra, aos estandes da #Sudoexpo, com boas conversas e trocas de ideias entre um estande e outro.

A presidência da #ACIRV percorreu os espaços para agradecer a cada expositor que preparou sua estrutura, apresentou soluções e movimentou os negócios dentro da segunda maior feira multisetorial do Brasil.

Agradecemos a todos os expositores que receberam os diretores da entidade e aceitaram registrar o momento nessas fotos.

Muito obrigado aos expositores que acreditaram nessa construção coletiva e colocaram o propósito de #ConectarParaCrescer em movimento.

Aqui, ninguém cresce isolado. A gente cresce conectado.";697;TBT|Sudoexpo|ACIRV|ConectarParaCrescer;;nao;2026-10-02T19:43:49-03:00;api:/api/v1/media/<media_id>/info/ (x-ig-app-id);completo_2026-09_legenda_api
2026-09;2026-09-25;18:24:57;Ddua3eim2WH;3994248081097581959;p;proprio;nao_informado;"O #Sextou por aqui vem em ritmo de celebração, trazendo o último lote de registros das visitas do presidente da ACIRV, o senhor José Carlos Cintra, aos estandes da #Sudoexpo.

A diretoria da #ACIRV seguiu pelos corredores para agradecer de perto a quem apresentou novidades, recebeu nossos representantes e movimentou a economia de #RioVerde dentro da feira.

🤝 Mais uma vez, agradecemos a cada expositor que abriu as portas do seu espaço, compartilhou experiências e aceitou registrar esse momento com a nossa equipe.

Essa união entre empresas e a diretoria da ACIRV mostra a força da nossa feira em colocar o propósito de #ConectarParaCrescer em movimento.

Aqui, ninguém cresce isolado. A gente cresce conectado.";716;Sextou|Sudoexpo|ACIRV|RioVerde|ConectarParaCrescer;;nao;2026-10-02T19:43:49-03:00;api:/api/v1/media/<media_id>/info/ (x-ig-app-id);completo_2026-09_legenda_api
2026-09;2026-09-26;14:33:23;DdwlKPZm7S7;3994856300929070267;p;proprio;nao_informado;"11 mil pessoas acompanhando, participando e fortalecendo a ACIRV! 💚

Obrigado a cada um que faz parte dessa comunidade. Seguimos juntos, trabalhando por quem empreende e faz Rio Verde crescer.";192;;;nao;2026-10-02T19:43:49-03:00;api:/api/v1/media/<media_id>/info/ (x-ig-app-id);completo_2026-09_legenda_api
2026-09;2026-09-26;14:35:52;DdwlcfSGynS;3994857554933656018;p;proprio;nao_informado;"A #Sudoexpo terminou no calendário, mas as boas conexões continuam.

Essa feira realizada pela #ACIRV reuniu pessoas, negócios, conversas e oportunidades que podem seguir gerando valor muito depois dos quatro dias de programação.

Para nós, #ConectarParaCrescer não é um momento: é um processo que continua quando as pessoas retomam a conversa e transformam encontro em próximo passo.

Qual #conexão marcou a sua SudoExpo? Conte pra gente nos comentários.

Aqui, ninguém cresce isolado. A gente cresce conectado.";512;Sudoexpo|ACIRV|ConectarParaCrescer|conexão;;nao;2026-10-02T19:43:49-03:00;api:/api/v1/media/<media_id>/info/ (x-ig-app-id);completo_2026-09_legenda_api
2026-09;2026-09-26;16:59:32;Ddw14sdGwx4;3994929861966367864;p;proprio;nao_informado;"O presidente da #ACIRV, José Carlos Cintra, e o diretor Carlos Augusto prestigiaram a abertura da Expo Jataí e da Feira do Empreendedor promovida pelo @sebraegoias, @acijoficial e @prefeituradejatai

Com uma organização exemplar e foco na geração de negócios, a feira reuniu lideranças e expositores que movimentam a economia regional.

A presença da diretoria reforça o #Associativismo e evidencia a importância da integração entre municípios para apoiar o #Empreendedorismo. É dessa forma que a ACIRV coloca #ConectarParaCrescer em movimento para impulsionar o #DesenvolvimentoEmpresarial.

Aqui, ninguém cresce isolado. A gente cresce conectado.";648;ACIRV|Associativismo|Empreendedorismo|ConectarParaCrescer|DesenvolvimentoEmpresarial;sebraegoias|acijoficial|prefeituradejatai;nao;2026-10-02T19:43:49-03:00;api:/api/v1/media/<media_id>/info/ (x-ig-app-id);completo_2026-09_legenda_api
2026-09;2026-09-26;17:18:02;Ddw4AP8G5wP;3994939177196821519;p;proprio;nao_informado;"A presidência da #ACIRV esteve presente na Formação Pedagógica Docente do @ifgoiano, campus Rio Verde, acompanhando o painel voltado às transformações e demandas do mundo do trabalho. Parabéns à equipe organizadora pela condução do encontro e pelo compromisso em aproximar a sala de aula da rotina produtiva de #RioVerde.

Ao participar desse diálogo, a entidade coloca #ConectarParaCrescer em ação, reforçando a parceria entre a entidade em o @ifgoiano.

Aqui, ninguém cresce isolado. A gente cresce conectado.";511;ACIRV|RioVerde|ConectarParaCrescer;ifgoiano|ifgoiano.;nao;2026-10-02T19:43:49-03:00;api:/api/v1/media/<media_id>/info/ (x-ig-app-id);completo_2026-09_legenda_api
2026-09;2026-09-26;18:23:31;Ddw_f2TG73T;3994972135014251987;p;proprio;sim;"O workshop prático ""Crie Seu Site com IA"", ministrado por Raphael Valongo será uma capacitação com foco em ensinar o passo a passo para estruturar conteúdos, imagens, layout e publicar um site profissional utilizando ferramentas de inteligência artificial de forma estratégica e acessível para o seu negócio.

Data: 08 de outubro 
Horário: 19h às 22h 
Local: ACIRV 
Garanta a sua inscrição pelo link na bio.
Vagas limitadas. 

Aqui, ninguém cresce isolado. A gente cresce conectado.";482;;;nao;2026-10-02T19:43:49-03:00;api:/api/v1/media/<media_id>/info/ (x-ig-app-id);completo_2026-09_legenda_api
2026-09;2026-09-28;12:05:49;Dd1d3QdEVCa;3996231584948768922;p;proprio;nao_informado;"A diretora da #ACIRV, Kenia Leite, participou da segunda edição da Câmara Itinerante e Cidadania, realizada no CEU do Bairro Céu Azul, em #RioVerde.

A ação aproximou os vereadores dos moradores e concentrou serviços de saúde, documentação, assistência jurídica, atendimento a negócios, projetos de inovação e atividades culturais no mesmo local.

A presença institucional da ACIRV consolida a união entre a entidade, a comunidade e o poder público em favor de criar laços de cooperação onde é colocado em prática o #ConectarParaCrescer.

Aqui, ninguém cresce isolado. A gente cresce conectado.";594;ACIRV|RioVerde|ConectarParaCrescer;;nao;2026-10-02T19:43:49-03:00;api:/api/v1/media/<media_id>/info/ (x-ig-app-id);completo_2026-09_legenda_api
2026-09;2026-09-28;13:05:11;Dd1kqC3G_X5;3996261463325668857;p;proprio;nao_informado;"O workshop prático ""Crie Seu Site com IA"", ministrado por Raphael Valongo, será uma capacitação com foco em levar você da ideia ao site no ar, 100% na prática e sem precisar ter conhecimento em programação. O treinamento aborda todas as etapas do processo: planejamento, criação de prompts, uso das ferramentas de inteligência artificial, construção e ajustes finais para o seu negócio.

Data: 08 de outubro 
Horário: 19h às 22h 
Local: ACIRV 
Garanta a sua inscrição pelo link na bio. 
Vagas limitadas. 

Aqui, ninguém cresce isolado. A gente cresce conectado.";561;;;nao;2026-10-02T19:43:49-03:00;api:/api/v1/media/<media_id>/info/ (x-ig-app-id);completo_2026-09_legenda_api
2026-09;2026-09-28;15:36:46;Dd12AUKg6am;3996337760524019366;reel;proprio;sim;"Entrega do patinete elétrico sorteado.
Agradecemos ao Bruno da Shineray por ter oferecido este para realizarmos o sorteio.";122;;;nao;2026-10-02T19:43:49-03:00;api:/api/v1/media/<media_id>/info/ (x-ig-app-id);completo_2026-09_legenda_api
2026-09;2026-09-29;18:15:44;Dd4s_ZUG3Mp;3997142539845727017;p;proprio;nao_informado;"O Café com o Presidente reuniu, na manhã de hoje, empresários e lideranças para dialogar com a presidência da #ACIRV, compartilhar ideias, trocar contatos e fortalecer conexões.

Agradecemos a dedicação de quem reservou esse tempo na agenda para estar presente neste café e nos prestigiar com suas histórias, demandas e negócios: @coletivosamambaia_ag, @crescer.rvd, @newleaderrv, @luzaenergia_, @somosguin, @albertocarneirobarreira, @decaprala.rd, @tvanhanguera, @brasilterrenos, @jeferson.prospero, @michaeltrivus e @fran_gs_carneiro.

Encontros como estes abrem caminhos para #ConectarParaCrescer com os associados novos e antigos, além de fortalecer o #associativismo e potencialmente movimentar a economia de #RioVerde.

Aqui, ninguém cresce isolado. A gente cresce conectado.";781;ACIRV|ConectarParaCrescer|associativismo|RioVerde;coletivosamambaia_ag|crescer.rvd|newleaderrv|luzaenergia_|somosguin|albertocarneirobarreira|decaprala.rd|tvanhanguera|brasilterrenos|jeferson.prospero|michaeltrivus|fran_gs_carneiro.;nao;2026-10-02T19:43:49-03:00;api:/api/v1/media/<media_id>/info/ (x-ig-app-id);completo_2026-09_legenda_api
2026-09;2026-09-30;14:15:17;Dd62RK4GwPC;3997746293666153410;p;proprio;nao_informado;"A oficina Inicia.IA Processos, realizada pela #ACIRV em parceria com o @sebraegoias , reuniu lideranças e empresários dedicados a qualificar a gestão de seus negócios utilizando mapeamento de processos e inteligência artificial.

Na oficina, associados, líderes e empresários aprenderam juntos que tecnologia ganha força quando encontra processos organizados. Antes de adotar inteligência artificial, a empresa precisa estruturar rotinas, definir métodos e alinhar o plano de negócios. É essa organização prévia que permite utilizar novas ferramentas para impulsionar o futuro de cada empreendimento com segurança.

Agradecemos a presença, as experiências e o compromisso de cada participante em evoluir coletivamente: @advalinequirino, @blauth_nathan, @cerebelletodeschini, @cristianecongelados2022, @elvisribeiroi, @energiarenovavelbrasil, @erikabarceloeng, @felipeparaguaio.medvet, @fernando_fersil, @fran_gs_carneiro, @isabelly_mendonca, @nextplan.rv, @ofc.flipe08, @raiane_nubia, @rakilandiamedeiros, @souadanibarbosa e @yasmincristinne.

Agradecimento especial ao professor @daniel.otaviooficial pela sua excelente habilidade em conduzir esta oficina.

Aqui, ninguém cresce isolado. A gente cresce conectado.";1214;ACIRV;sebraegoias|advalinequirino|blauth_nathan|cerebelletodeschini|cristianecongelados2022|elvisribeiroi|energiarenovavelbrasil|erikabarceloeng|felipeparaguaio.medvet|fernando_fersil|fran_gs_carneiro|isabelly_mendonca|nextplan.rv|ofc.flipe08|raiane_nubia|rakilandiamedeiros|souadanibarbosa|yasmincristinne.|daniel.otaviooficial;nao;2026-10-02T19:43:49-03:00;api:/api/v1/media/<media_id>/info/ (x-ig-app-id);completo_2026-09_legenda_api
2026-09;2026-09-30;18:31:52;Dd7TobJgxLj;3997875435034841827;p;colaboracao;sim;"Aos meus queridos leitores

""Lançamento Oficial e noite de autógrafos do meu novo livro - A Sensibilidade Capacita"". 

Esse ano celebro 17 anos de literatura, e quantos caminhos e encontros magníficos que ela já me proporcionou. Mas como habitualmente falo, dentre esses encontros, os mais bonitos são aqueles em que posso encontrar vocês, e ver vocês encontrando os livros, e esse momento chegou. 
É com muito amor e zelo, que lhes convido para celebrar esse momento especial comigo.
É através da sensibilidade que aprendemos a estabelecer limites, bem como a ultrapassar os limites da consciência, ela é a responsável pela ampliação dos sentidos essenciais à vida. E nesse encontro, iremos aguçar um pouco mais dela. 
Já reserve o dia e o horário na sua agenda, e coloque no despertador para que não esqueça, e clique na imagem do post para também ser lembrado(a) por aqui. 

Dia:  16/10 
Horário: A partir das 19h 
Local: ACIRV (auditório principal)  @acirvoficial
Endereço: Rua Maricota N° 199 - Jardim Marconal - Rio Verde";1027;;acirvoficial;nao;2026-10-02T19:43:49-03:00;api:/api/v1/media/<media_id>/info/ (x-ig-app-id);completo_2026-09_legenda_api
